========= COMPUTE-SANITIZER
========= Program hit CUDA_ERROR_INVALID_VALUE (error 1) due to "invalid argument" on CUDA API call to cuGetProcAddress_v2.
=========     Saved host backtrace up to driver entry point at error
=========         Host Frame:  [0x108aa] in driver.cpython-312-x86_64-linux-gnu.so
=========         Host Frame:  [0x24d84] in driver.cpython-312-x86_64-linux-gnu.so
=========         Host Frame:  [0x150f9] in cydriver.cpython-312-x86_64-linux-gnu.so
=========         Host Frame:  [0x4ecd5d] in driver.cpython-312-x86_64-linux-gnu.so
=========         Host Frame: PyObject_Vectorcall in call.c:325 [0x214e0d] in python
=========         Host Frame: _PyEval_EvalFrameDefault in bytecodes.c:2715 [0x1ffb14] in python
=========         Host Frame: PyObject_CallOneArg in call.c:401 [0x22cd34] in python
=========         Host Frame: _PyObject_GenericGetAttrWithDict in object.c:1447 [0x21da35] in python
=========         Host Frame: PyObject_GetAttr in object.c:1060 [0x1f7e00] in python
=========         Host Frame: _PyEval_EvalFrameDefault in bytecodes.c:1802 [0x200556] in python
=========         Host Frame: _PyObject_VectorcallTstate.lto_priv.14 in pycore_call.h:92 [0x249612] in python
=========         Host Frame: method_vectorcall in classobject.c:61 [0x2491bd] in python
=========         Host Frame: _PyObject_Call in call.c:354 [0x231daa] in python
=========         Host Frame: _PyEval_EvalFrameDefault in bytecodes.c:3263 [0x203a55] in python
=========         Host Frame: _PyObject_VectorcallTstate.lto_priv.14 in pycore_call.h:92 [0x249612] in python
=========         Host Frame: method_vectorcall in classobject.c:61 [0x2491bd] in python
=========         Host Frame: _PyObject_Call in call.c:354 [0x231daa] in python
=========         Host Frame: _PyEval_EvalFrameDefault in bytecodes.c:3263 [0x203a55] in python
=========         Host Frame: _PyObject_VectorcallTstate.lto_priv.14 in pycore_call.h:92 [0x249612] in python
=========         Host Frame: method_vectorcall in classobject.c:61 [0x2491bd] in python
=========         Host Frame: _PyObject_Call in call.c:354 [0x231daa] in python
=========         Host Frame: _PyEval_EvalFrameDefault in bytecodes.c:3263 [0x203a55] in python
=========         Host Frame: _PyObject_VectorcallTstate.lto_priv.14 in pycore_call.h:92 [0x249612] in python
=========         Host Frame: method_vectorcall in classobject.c:61 [0x2491bd] in python
=========         Host Frame: _PyObject_Call in call.c:354 [0x231daa] in python
=========         Host Frame: _PyEval_EvalFrameDefault in bytecodes.c:3263 [0x203a55] in python
=========         Host Frame: _PyObject_FastCallDictTstate in call.c:144 [0x1f8592] in python
=========         Host Frame: _PyObject_Call_Prepend in call.c:508 [0x22f2e6] in python
=========         Host Frame: slot_tp_call in typeobject.c:8791 [0x300ed8] in python
=========         Host Frame: _PyObject_MakeTpCall in call.c:240 [0x1f586a] in python
=========         Host Frame: _PyEval_EvalFrameDefault in bytecodes.c:2715 [0x1ffb14] in python
=========         Host Frame: infinite_lru_cache_wrapper in _functoolsmodule.c:918 [0x342560] in python
=========         Host Frame: _PyObject_MakeTpCall in call.c:240 [0x1f586a] in python
=========         Host Frame: _PyEval_EvalFrameDefault in bytecodes.c:2715 [0x1ffb14] in python
=========         Host Frame: _PyObject_FastCallDictTstate in call.c:144 [0x1f8592] in python
=========         Host Frame: _PyObject_Call_Prepend in call.c:508 [0x22f266] in python
=========         Host Frame: slot_tp_call in typeobject.c:8791 [0x300ed8] in python
=========         Host Frame: _PyObject_MakeTpCall in call.c:240 [0x1f586a] in python
=========         Host Frame: _PyEval_EvalFrameDefault in bytecodes.c:2715 [0x1ffb14] in python
=========         Host Frame: _PyObject_FastCallDictTstate in call.c:144 [0x1f8592] in python
=========         Host Frame: _PyObject_Call_Prepend in call.c:508 [0x22f266] in python
=========         Host Frame: slot_tp_call in typeobject.c:8791 [0x300ed8] in python
=========         Host Frame: _PyObject_Call in call.c:367 [0x231d34] in python
=========         Host Frame: _PyEval_EvalFrameDefault in bytecodes.c:3263 [0x203a55] in python
=========         Host Frame: _PyObject_FastCallDictTstate in call.c:144 [0x1f8592] in python
=========         Host Frame: _PyObject_Call_Prepend in call.c:508 [0x22f266] in python
=========         Host Frame: slot_tp_call in typeobject.c:8791 [0x300ed8] in python
=========         Host Frame: _PyObject_MakeTpCall in call.c:240 [0x1f586a] in python
=========         Host Frame: _PyEval_EvalFrameDefault in bytecodes.c:2715 [0x1ffb14] in python
=========         Host Frame: _PyObject_FastCallDictTstate in call.c:144 [0x1f8592] in python
=========         Host Frame: _PyObject_Call_Prepend in call.c:508 [0x22f266] in python
=========         Host Frame: slot_tp_call in typeobject.c:8791 [0x300ed8] in python
=========         Host Frame: _PyObject_MakeTpCall in call.c:240 [0x1f586a] in python
=========         Host Frame: _PyEval_EvalFrameDefault in bytecodes.c:2715 [0x1ffb14] in python
=========         Host Frame: _PyObject_FastCallDictTstate in call.c:144 [0x1f8592] in python
=========         Host Frame: _PyObject_Call_Prepend in call.c:508 [0x22f266] in python
=========         Host Frame: slot_tp_call in typeobject.c:8791 [0x300ed8] in python
=========         Host Frame: _PyObject_MakeTpCall in call.c:240 [0x1f586a] in python
=========         Host Frame: _PyEval_EvalFrameDefault in bytecodes.c:2715 [0x1ffb14] in python
=========         Host Frame: PyEval_EvalCode in ceval.c:580 [0x2b893c] in python
=========         Host Frame: run_eval_code_obj in pythonrun.c:1757 [0x2f4639] in python
=========         Host Frame: run_mod in pythonrun.c:1778 [0x2ef2a4] in python
=========         Host Frame: pyrun_file in pythonrun.c:1674 [0x2ec26f] in python
=========         Host Frame: _PyRun_SimpleFileObject in pythonrun.c:459 [0x2ebee5] in python
=========         Host Frame: _PyRun_AnyFileObject in pythonrun.c:78 [0x2ebcc3] in python
=========         Host Frame: Py_RunMain in main.c:714 [0x2e853d] in python
=========         Host Frame: Py_BytesMain in main.c:768 [0x2a0636] in python
=========         Host Frame:  [0x2a1c9] in libc.so.6
=========         Host Frame: __libc_start_main [0x2a28a] in libc.so.6
=========         Host Frame: _start [0x2a04ad] in python
=========         Host Frame: get_compute_capability_major_minor in cuda.py:163
=========         Host Frame: detect_gpu_arch in env_manager.py:234
=========         Host Frame: arch in env_manager.py:709
=========         Host Frame: apply_envar_settings in compiler.py:1063
=========         Host Frame: _prepare_compilation in dsl.py:2896
=========         Host Frame: _func_impl in dsl.py:2955
=========         Host Frame: _func in dsl.py:2938
=========         Host Frame: _compile in compiler.py:1609
=========         Host Frame: __call__ in compiler.py:1446
=========         Host Frame: compile_probe in test_lpt_scheduler.py:144
=========         Host Frame: test_exhaustion_does_not_read_metadata in test_lpt_scheduler.py:248
=========         Host Frame: pytest_pyfunc_call in python.py:167
=========         Host Frame: _multicall in _callers.py:121
=========         Host Frame: _hookexec in _manager.py:120
=========         Host Frame: __call__ in _hooks.py:512
=========         Host Frame: runtest in python.py:1707
=========         Host Frame: pytest_runtest_call in runner.py:184
=========         Host Frame: _multicall in _callers.py:121
=========         Host Frame: _hookexec in _manager.py:120
=========         Host Frame: __call__ in _hooks.py:512
=========         Host Frame: <lambda> in runner.py:250
=========         Host Frame: from_call in runner.py:361
=========         Host Frame: call_and_report in runner.py:249
=========         Host Frame: runtestprotocol in runner.py:139
=========         Host Frame: pytest_runtest_protocol in runner.py:118
=========         Host Frame: _multicall in _callers.py:121
=========         Host Frame: _hookexec in _manager.py:120
=========         Host Frame: __call__ in _hooks.py:512
=========         Host Frame: pytest_runtestloop in main.py:408
=========         Host Frame: _multicall in _callers.py:121
=========         Host Frame: _hookexec in _manager.py:120
=========         Host Frame: __call__ in _hooks.py:512
=========         Host Frame: _main in main.py:384
=========         Host Frame: wrap_session in main.py:330
=========         Host Frame: pytest_cmdline_main in main.py:377
=========         Host Frame: _multicall in _callers.py:121
=========         Host Frame: _hookexec in _manager.py:120
=========         Host Frame: __call__ in _hooks.py:512
=========         Host Frame: _main in __init__.py:229
=========         Host Frame: main in __init__.py:201
========= 
========= Program hit CUDA_ERROR_INVALID_VALUE (error 1) due to "invalid argument" on CUDA API call to cuGetProcAddress_v2.
=========     Saved host backtrace up to driver entry point at error
=========         Host Frame:  [0x108d0] in driver.cpython-312-x86_64-linux-gnu.so
=========         Host Frame:  [0x24d84] in driver.cpython-312-x86_64-linux-gnu.so
=========         Host Frame:  [0x150f9] in cydriver.cpython-312-x86_64-linux-gnu.so
=========         Host Frame:  [0x4ecd5d] in driver.cpython-312-x86_64-linux-gnu.so
=========         Host Frame: PyObject_Vectorcall in call.c:325 [0x214e0d] in python
=========         Host Frame: _PyEval_EvalFrameDefault in bytecodes.c:2715 [0x1ffb14] in python
=========         Host Frame: PyObject_CallOneArg in call.c:401 [0x22cd34] in python
=========         Host Frame: _PyObject_GenericGetAttrWithDict in object.c:1447 [0x21da35] in python
=========         Host Frame: PyObject_GetAttr in object.c:1060 [0x1f7e00] in python
=========         Host Frame: _PyEval_EvalFrameDefault in bytecodes.c:1802 [0x200556] in python
=========         Host Frame: _PyObject_VectorcallTstate.lto_priv.14 in pycore_call.h:92 [0x249612] in python
=========         Host Frame: method_vectorcall in classobject.c:61 [0x2491bd] in python
=========         Host Frame: _PyObject_Call in call.c:354 [0x231daa] in python
=========         Host Frame: _PyEval_EvalFrameDefault in bytecodes.c:3263 [0x203a55] in python
=========         Host Frame: _PyObject_VectorcallTstate.lto_priv.14 in pycore_call.h:92 [0x249612] in python
=========         Host Frame: method_vectorcall in classobject.c:61 [0x2491bd] in python
=========         Host Frame: _PyObject_Call in call.c:354 [0x231daa] in python
=========         Host Frame: _PyEval_EvalFrameDefault in bytecodes.c:3263 [0x203a55] in python
=========         Host Frame: _PyObject_VectorcallTstate.lto_priv.14 in pycore_call.h:92 [0x249612] in python
=========         Host Frame: method_vectorcall in classobject.c:61 [0x2491bd] in python
=========         Host Frame: _PyObject_Call in call.c:354 [0x231daa] in python
=========         Host Frame: _PyEval_EvalFrameDefault in bytecodes.c:3263 [0x203a55] in python
=========         Host Frame: _PyObject_VectorcallTstate.lto_priv.14 in pycore_call.h:92 [0x249612] in python
=========         Host Frame: method_vectorcall in classobject.c:61 [0x2491bd] in python
=========         Host Frame: _PyObject_Call in call.c:354 [0x231daa] in python
=========         Host Frame: _PyEval_EvalFrameDefault in bytecodes.c:3263 [0x203a55] in python
=========         Host Frame: _PyObject_FastCallDictTstate in call.c:144 [0x1f8592] in python
=========         Host Frame: _PyObject_Call_Prepend in call.c:508 [0x22f2e6] in python
=========         Host Frame: slot_tp_call in typeobject.c:8791 [0x300ed8] in python
=========         Host Frame: _PyObject_MakeTpCall in call.c:240 [0x1f586a] in python
=========         Host Frame: _PyEval_EvalFrameDefault in bytecodes.c:2715 [0x1ffb14] in python
=========         Host Frame: infinite_lru_cache_wrapper in _functoolsmodule.c:918 [0x342560] in python
=========         Host Frame: _PyObject_MakeTpCall in call.c:240 [0x1f586a] in python
=========         Host Frame: _PyEval_EvalFrameDefault in bytecodes.c:2715 [0x1ffb14] in python
=========         Host Frame: _PyObject_FastCallDictTstate in call.c:144 [0x1f8592] in python
=========         Host Frame: _PyObject_Call_Prepend in call.c:508 [0x22f266] in python
=========         Host Frame: slot_tp_call in typeobject.c:8791 [0x300ed8] in python
=========         Host Frame: _PyObject_MakeTpCall in call.c:240 [0x1f586a] in python
=========         Host Frame: _PyEval_EvalFrameDefault in bytecodes.c:2715 [0x1ffb14] in python
=========         Host Frame: _PyObject_FastCallDictTstate in call.c:144 [0x1f8592] in python
=========         Host Frame: _PyObject_Call_Prepend in call.c:508 [0x22f266] in python
=========         Host Frame: slot_tp_call in typeobject.c:8791 [0x300ed8] in python
=========         Host Frame: _PyObject_Call in call.c:367 [0x231d34] in python
=========         Host Frame: _PyEval_EvalFrameDefault in bytecodes.c:3263 [0x203a55] in python
=========         Host Frame: _PyObject_FastCallDictTstate in call.c:144 [0x1f8592] in python
=========         Host Frame: _PyObject_Call_Prepend in call.c:508 [0x22f266] in python
=========         Host Frame: slot_tp_call in typeobject.c:8791 [0x300ed8] in python
=========         Host Frame: _PyObject_MakeTpCall in call.c:240 [0x1f586a] in python
=========         Host Frame: _PyEval_EvalFrameDefault in bytecodes.c:2715 [0x1ffb14] in python
=========         Host Frame: _PyObject_FastCallDictTstate in call.c:144 [0x1f8592] in python
=========         Host Frame: _PyObject_Call_Prepend in call.c:508 [0x22f266] in python
=========         Host Frame: slot_tp_call in typeobject.c:8791 [0x300ed8] in python
=========         Host Frame: _PyObject_MakeTpCall in call.c:240 [0x1f586a] in python
=========         Host Frame: _PyEval_EvalFrameDefault in bytecodes.c:2715 [0x1ffb14] in python
=========         Host Frame: _PyObject_FastCallDictTstate in call.c:144 [0x1f8592] in python
=========         Host Frame: _PyObject_Call_Prepend in call.c:508 [0x22f266] in python
=========         Host Frame: slot_tp_call in typeobject.c:8791 [0x300ed8] in python
=========         Host Frame: _PyObject_MakeTpCall in call.c:240 [0x1f586a] in python
=========         Host Frame: _PyEval_EvalFrameDefault in bytecodes.c:2715 [0x1ffb14] in python
=========         Host Frame: PyEval_EvalCode in ceval.c:580 [0x2b893c] in python
=========         Host Frame: run_eval_code_obj in pythonrun.c:1757 [0x2f4639] in python
=========         Host Frame: run_mod in pythonrun.c:1778 [0x2ef2a4] in python
=========         Host Frame: pyrun_file in pythonrun.c:1674 [0x2ec26f] in python
=========         Host Frame: _PyRun_SimpleFileObject in pythonrun.c:459 [0x2ebee5] in python
=========         Host Frame: _PyRun_AnyFileObject in pythonrun.c:78 [0x2ebcc3] in python
=========         Host Frame: Py_RunMain in main.c:714 [0x2e853d] in python
=========         Host Frame: Py_BytesMain in main.c:768 [0x2a0636] in python
=========         Host Frame:  [0x2a1c9] in libc.so.6
=========         Host Frame: __libc_start_main [0x2a28a] in libc.so.6
=========         Host Frame: _start [0x2a04ad] in python
=========         Host Frame: get_compute_capability_major_minor in cuda.py:163
=========         Host Frame: detect_gpu_arch in env_manager.py:234
=========         Host Frame: arch in env_manager.py:709
=========         Host Frame: apply_envar_settings in compiler.py:1063
=========         Host Frame: _prepare_compilation in dsl.py:2896
=========         Host Frame: _func_impl in dsl.py:2955
=========         Host Frame: _func in dsl.py:2938
=========         Host Frame: _compile in compiler.py:1609
=========         Host Frame: __call__ in compiler.py:1446
=========         Host Frame: compile_probe in test_lpt_scheduler.py:144
=========         Host Frame: test_exhaustion_does_not_read_metadata in test_lpt_scheduler.py:248
=========         Host Frame: pytest_pyfunc_call in python.py:167
=========         Host Frame: _multicall in _callers.py:121
=========         Host Frame: _hookexec in _manager.py:120
=========         Host Frame: __call__ in _hooks.py:512
=========         Host Frame: runtest in python.py:1707
=========         Host Frame: pytest_runtest_call in runner.py:184
=========         Host Frame: _multicall in _callers.py:121
=========         Host Frame: _hookexec in _manager.py:120
=========         Host Frame: __call__ in _hooks.py:512
=========         Host Frame: <lambda> in runner.py:250
=========         Host Frame: from_call in runner.py:361
=========         Host Frame: call_and_report in runner.py:249
=========         Host Frame: runtestprotocol in runner.py:139
=========         Host Frame: pytest_runtest_protocol in runner.py:118
=========         Host Frame: _multicall in _callers.py:121
=========         Host Frame: _hookexec in _manager.py:120
=========         Host Frame: __call__ in _hooks.py:512
=========         Host Frame: pytest_runtestloop in main.py:408
=========         Host Frame: _multicall in _callers.py:121
=========         Host Frame: _hookexec in _manager.py:120
=========         Host Frame: __call__ in _hooks.py:512
=========         Host Frame: _main in main.py:384
=========         Host Frame: wrap_session in main.py:330
=========         Host Frame: pytest_cmdline_main in main.py:377
=========         Host Frame: _multicall in _callers.py:121
=========         Host Frame: _hookexec in _manager.py:120
=========         Host Frame: __call__ in _hooks.py:512
=========         Host Frame: _main in __init__.py:229
=========         Host Frame: main in __init__.py:201
========= 
========= Program hit CUDA_ERROR_INVALID_VALUE (error 1) due to "invalid argument" on CUDA API call to cuGetProcAddress_v2.
=========     Saved host backtrace up to driver entry point at error
=========         Host Frame:  [0x108f6] in driver.cpython-312-x86_64-linux-gnu.so
=========         Host Frame:  [0x24d84] in driver.cpython-312-x86_64-linux-gnu.so
=========         Host Frame:  [0x150f9] in cydriver.cpython-312-x86_64-linux-gnu.so
=========         Host Frame:  [0x4ecd5d] in driver.cpython-312-x86_64-linux-gnu.so
=========         Host Frame: PyObject_Vectorcall in call.c:325 [0x214e0d] in python
=========         Host Frame: _PyEval_EvalFrameDefault in bytecodes.c:2715 [0x1ffb14] in python
=========         Host Frame: PyObject_CallOneArg in call.c:401 [0x22cd34] in python
=========         Host Frame: _PyObject_GenericGetAttrWithDict in object.c:1447 [0x21da35] in python
=========         Host Frame: PyObject_GetAttr in object.c:1060 [0x1f7e00] in python
=========         Host Frame: _PyEval_EvalFrameDefault in bytecodes.c:1802 [0x200556] in python
=========         Host Frame: _PyObject_VectorcallTstate.lto_priv.14 in pycore_call.h:92 [0x249612] in python
=========         Host Frame: method_vectorcall in classobject.c:61 [0x2491bd] in python
=========         Host Frame: _PyObject_Call in call.c:354 [0x231daa] in python
=========         Host Frame: _PyEval_EvalFrameDefault in bytecodes.c:3263 [0x203a55] in python
=========         Host Frame: _PyObject_VectorcallTstate.lto_priv.14 in pycore_call.h:92 [0x249612] in python
=========         Host Frame: method_vectorcall in classobject.c:61 [0x2491bd] in python
=========         Host Frame: _PyObject_Call in call.c:354 [0x231daa] in python
=========         Host Frame: _PyEval_EvalFrameDefault in bytecodes.c:3263 [0x203a55] in python
=========         Host Frame: _PyObject_VectorcallTstate.lto_priv.14 in pycore_call.h:92 [0x249612] in python
=========         Host Frame: method_vectorcall in classobject.c:61 [0x2491bd] in python
=========         Host Frame: _PyObject_Call in call.c:354 [0x231daa] in python
=========         Host Frame: _PyEval_EvalFrameDefault in bytecodes.c:3263 [0x203a55] in python
=========         Host Frame: _PyObject_VectorcallTstate.lto_priv.14 in pycore_call.h:92 [0x249612] in python
=========         Host Frame: method_vectorcall in classobject.c:61 [0x2491bd] in python
=========         Host Frame: _PyObject_Call in call.c:354 [0x231daa] in python
=========         Host Frame: _PyEval_EvalFrameDefault in bytecodes.c:3263 [0x203a55] in python
=========         Host Frame: _PyObject_FastCallDictTstate in call.c:144 [0x1f8592] in python
=========         Host Frame: _PyObject_Call_Prepend in call.c:508 [0x22f2e6] in python
=========         Host Frame: slot_tp_call in typeobject.c:8791 [0x300ed8] in python
=========         Host Frame: _PyObject_MakeTpCall in call.c:240 [0x1f586a] in python
=========         Host Frame: _PyEval_EvalFrameDefault in bytecodes.c:2715 [0x1ffb14] in python
=========         Host Frame: infinite_lru_cache_wrapper in _functoolsmodule.c:918 [0x342560] in python
=========         Host Frame: _PyObject_MakeTpCall in call.c:240 [0x1f586a] in python
=========         Host Frame: _PyEval_EvalFrameDefault in bytecodes.c:2715 [0x1ffb14] in python
=========         Host Frame: _PyObject_FastCallDictTstate in call.c:144 [0x1f8592] in python
=========         Host Frame: _PyObject_Call_Prepend in call.c:508 [0x22f266] in python
=========         Host Frame: slot_tp_call in typeobject.c:8791 [0x300ed8] in python
=========         Host Frame: _PyObject_MakeTpCall in call.c:240 [0x1f586a] in python
=========         Host Frame: _PyEval_EvalFrameDefault in bytecodes.c:2715 [0x1ffb14] in python
=========         Host Frame: _PyObject_FastCallDictTstate in call.c:144 [0x1f8592] in python
=========         Host Frame: _PyObject_Call_Prepend in call.c:508 [0x22f266] in python
=========         Host Frame: slot_tp_call in typeobject.c:8791 [0x300ed8] in python
=========         Host Frame: _PyObject_Call in call.c:367 [0x231d34] in python
=========         Host Frame: _PyEval_EvalFrameDefault in bytecodes.c:3263 [0x203a55] in python
=========         Host Frame: _PyObject_FastCallDictTstate in call.c:144 [0x1f8592] in python
=========         Host Frame: _PyObject_Call_Prepend in call.c:508 [0x22f266] in python
=========         Host Frame: slot_tp_call in typeobject.c:8791 [0x300ed8] in python
=========         Host Frame: _PyObject_MakeTpCall in call.c:240 [0x1f586a] in python
=========         Host Frame: _PyEval_EvalFrameDefault in bytecodes.c:2715 [0x1ffb14] in python
=========         Host Frame: _PyObject_FastCallDictTstate in call.c:144 [0x1f8592] in python
=========         Host Frame: _PyObject_Call_Prepend in call.c:508 [0x22f266] in python
=========         Host Frame: slot_tp_call in typeobject.c:8791 [0x300ed8] in python
=========         Host Frame: _PyObject_MakeTpCall in call.c:240 [0x1f586a] in python
=========         Host Frame: _PyEval_EvalFrameDefault in bytecodes.c:2715 [0x1ffb14] in python
=========         Host Frame: _PyObject_FastCallDictTstate in call.c:144 [0x1f8592] in python
=========         Host Frame: _PyObject_Call_Prepend in call.c:508 [0x22f266] in python
=========         Host Frame: slot_tp_call in typeobject.c:8791 [0x300ed8] in python
=========         Host Frame: _PyObject_MakeTpCall in call.c:240 [0x1f586a] in python
=========         Host Frame: _PyEval_EvalFrameDefault in bytecodes.c:2715 [0x1ffb14] in python
=========         Host Frame: PyEval_EvalCode in ceval.c:580 [0x2b893c] in python
=========         Host Frame: run_eval_code_obj in pythonrun.c:1757 [0x2f4639] in python
=========         Host Frame: run_mod in pythonrun.c:1778 [0x2ef2a4] in python
=========         Host Frame: pyrun_file in pythonrun.c:1674 [0x2ec26f] in python
=========         Host Frame: _PyRun_SimpleFileObject in pythonrun.c:459 [0x2ebee5] in python
=========         Host Frame: _PyRun_AnyFileObject in pythonrun.c:78 [0x2ebcc3] in python
=========         Host Frame: Py_RunMain in main.c:714 [0x2e853d] in python
=========         Host Frame: Py_BytesMain in main.c:768 [0x2a0636] in python
=========         Host Frame:  [0x2a1c9] in libc.so.6
=========         Host Frame: __libc_start_main [0x2a28a] in libc.so.6
=========         Host Frame: _start [0x2a04ad] in python
=========         Host Frame: get_compute_capability_major_minor in cuda.py:163
=========         Host Frame: detect_gpu_arch in env_manager.py:234
=========         Host Frame: arch in env_manager.py:709
=========         Host Frame: apply_envar_settings in compiler.py:1063
=========         Host Frame: _prepare_compilation in dsl.py:2896
=========         Host Frame: _func_impl in dsl.py:2955
=========         Host Frame: _func in dsl.py:2938
=========         Host Frame: _compile in compiler.py:1609
=========         Host Frame: __call__ in compiler.py:1446
=========         Host Frame: compile_probe in test_lpt_scheduler.py:144
=========         Host Frame: test_exhaustion_does_not_read_metadata in test_lpt_scheduler.py:248
=========         Host Frame: pytest_pyfunc_call in python.py:167
=========         Host Frame: _multicall in _callers.py:121
=========         Host Frame: _hookexec in _manager.py:120
=========         Host Frame: __call__ in _hooks.py:512
=========         Host Frame: runtest in python.py:1707
=========         Host Frame: pytest_runtest_call in runner.py:184
=========         Host Frame: _multicall in _callers.py:121
=========         Host Frame: _hookexec in _manager.py:120
=========         Host Frame: __call__ in _hooks.py:512
=========         Host Frame: <lambda> in runner.py:250
=========         Host Frame: from_call in runner.py:361
=========         Host Frame: call_and_report in runner.py:249
=========         Host Frame: runtestprotocol in runner.py:139
=========         Host Frame: pytest_runtest_protocol in runner.py:118
=========         Host Frame: _multicall in _callers.py:121
=========         Host Frame: _hookexec in _manager.py:120
=========         Host Frame: __call__ in _hooks.py:512
=========         Host Frame: pytest_runtestloop in main.py:408
=========         Host Frame: _multicall in _callers.py:121
=========         Host Frame: _hookexec in _manager.py:120
=========         Host Frame: __call__ in _hooks.py:512
=========         Host Frame: _main in main.py:384
=========         Host Frame: wrap_session in main.py:330
=========         Host Frame: pytest_cmdline_main in main.py:377
=========         Host Frame: _multicall in _callers.py:121
=========         Host Frame: _hookexec in _manager.py:120
=========         Host Frame: __call__ in _hooks.py:512
=========         Host Frame: _main in __init__.py:229
=========         Host Frame: main in __init__.py:201
========= 
========= Program hit CUDA_ERROR_INVALID_VALUE (error 1) due to "invalid argument" on CUDA API call to cuGetProcAddress_v2.
=========     Saved host backtrace up to driver entry point at error
=========         Host Frame:  [0x1091c] in driver.cpython-312-x86_64-linux-gnu.so
=========         Host Frame:  [0x24d84] in driver.cpython-312-x86_64-linux-gnu.so
=========         Host Frame:  [0x150f9] in cydriver.cpython-312-x86_64-linux-gnu.so
=========         Host Frame:  [0x4ecd5d] in driver.cpython-312-x86_64-linux-gnu.so
=========         Host Frame: PyObject_Vectorcall in call.c:325 [0x214e0d] in python
=========         Host Frame: _PyEval_EvalFrameDefault in bytecodes.c:2715 [0x1ffb14] in python
=========         Host Frame: PyObject_CallOneArg in call.c:401 [0x22cd34] in python
=========         Host Frame: _PyObject_GenericGetAttrWithDict in object.c:1447 [0x21da35] in python
=========         Host Frame: PyObject_GetAttr in object.c:1060 [0x1f7e00] in python
=========         Host Frame: _PyEval_EvalFrameDefault in bytecodes.c:1802 [0x200556] in python
=========         Host Frame: _PyObject_VectorcallTstate.lto_priv.14 in pycore_call.h:92 [0x249612] in python
=========         Host Frame: method_vectorcall in classobject.c:61 [0x2491bd] in python
=========         Host Frame: _PyObject_Call in call.c:354 [0x231daa] in python
=========         Host Frame: _PyEval_EvalFrameDefault in bytecodes.c:3263 [0x203a55] in python
=========         Host Frame: _PyObject_VectorcallTstate.lto_priv.14 in pycore_call.h:92 [0x249612] in python
=========         Host Frame: method_vectorcall in classobject.c:61 [0x2491bd] in python
=========         Host Frame: _PyObject_Call in call.c:354 [0x231daa] in python
=========         Host Frame: _PyEval_EvalFrameDefault in bytecodes.c:3263 [0x203a55] in python
=========         Host Frame: _PyObject_VectorcallTstate.lto_priv.14 in pycore_call.h:92 [0x249612] in python
=========         Host Frame: method_vectorcall in classobject.c:61 [0x2491bd] in python
=========         Host Frame: _PyObject_Call in call.c:354 [0x231daa] in python
=========         Host Frame: _PyEval_EvalFrameDefault in bytecodes.c:3263 [0x203a55] in python
=========         Host Frame: _PyObject_VectorcallTstate.lto_priv.14 in pycore_call.h:92 [0x249612] in python
=========         Host Frame: method_vectorcall in classobject.c:61 [0x2491bd] in python
=========         Host Frame: _PyObject_Call in call.c:354 [0x231daa] in python
=========         Host Frame: _PyEval_EvalFrameDefault in bytecodes.c:3263 [0x203a55] in python
=========         Host Frame: _PyObject_FastCallDictTstate in call.c:144 [0x1f8592] in python
=========         Host Frame: _PyObject_Call_Prepend in call.c:508 [0x22f2e6] in python
=========         Host Frame: slot_tp_call in typeobject.c:8791 [0x300ed8] in python
=========         Host Frame: _PyObject_MakeTpCall in call.c:240 [0x1f586a] in python
=========         Host Frame: _PyEval_EvalFrameDefault in bytecodes.c:2715 [0x1ffb14] in python
=========         Host Frame: infinite_lru_cache_wrapper in _functoolsmodule.c:918 [0x342560] in python
=========         Host Frame: _PyObject_MakeTpCall in call.c:240 [0x1f586a] in python
=========         Host Frame: _PyEval_EvalFrameDefault in bytecodes.c:2715 [0x1ffb14] in python
=========         Host Frame: _PyObject_FastCallDictTstate in call.c:144 [0x1f8592] in python
=========         Host Frame: _PyObject_Call_Prepend in call.c:508 [0x22f266] in python
=========         Host Frame: slot_tp_call in typeobject.c:8791 [0x300ed8] in python
=========         Host Frame: _PyObject_MakeTpCall in call.c:240 [0x1f586a] in python
=========         Host Frame: _PyEval_EvalFrameDefault in bytecodes.c:2715 [0x1ffb14] in python
=========         Host Frame: _PyObject_FastCallDictTstate in call.c:144 [0x1f8592] in python
=========         Host Frame: _PyObject_Call_Prepend in call.c:508 [0x22f266] in python
=========         Host Frame: slot_tp_call in typeobject.c:8791 [0x300ed8] in python
=========         Host Frame: _PyObject_Call in call.c:367 [0x231d34] in python
=========         Host Frame: _PyEval_EvalFrameDefault in bytecodes.c:3263 [0x203a55] in python
=========         Host Frame: _PyObject_FastCallDictTstate in call.c:144 [0x1f8592] in python
=========         Host Frame: _PyObject_Call_Prepend in call.c:508 [0x22f266] in python
=========         Host Frame: slot_tp_call in typeobject.c:8791 [0x300ed8] in python
=========         Host Frame: _PyObject_MakeTpCall in call.c:240 [0x1f586a] in python
=========         Host Frame: _PyEval_EvalFrameDefault in bytecodes.c:2715 [0x1ffb14] in python
=========         Host Frame: _PyObject_FastCallDictTstate in call.c:144 [0x1f8592] in python
=========         Host Frame: _PyObject_Call_Prepend in call.c:508 [0x22f266] in python
=========         Host Frame: slot_tp_call in typeobject.c:8791 [0x300ed8] in python
=========         Host Frame: _PyObject_MakeTpCall in call.c:240 [0x1f586a] in python
=========         Host Frame: _PyEval_EvalFrameDefault in bytecodes.c:2715 [0x1ffb14] in python
=========         Host Frame: _PyObject_FastCallDictTstate in call.c:144 [0x1f8592] in python
=========         Host Frame: _PyObject_Call_Prepend in call.c:508 [0x22f266] in python
=========         Host Frame: slot_tp_call in typeobject.c:8791 [0x300ed8] in python
=========         Host Frame: _PyObject_MakeTpCall in call.c:240 [0x1f586a] in python
=========         Host Frame: _PyEval_EvalFrameDefault in bytecodes.c:2715 [0x1ffb14] in python
=========         Host Frame: PyEval_EvalCode in ceval.c:580 [0x2b893c] in python
=========         Host Frame: run_eval_code_obj in pythonrun.c:1757 [0x2f4639] in python
=========         Host Frame: run_mod in pythonrun.c:1778 [0x2ef2a4] in python
=========         Host Frame: pyrun_file in pythonrun.c:1674 [0x2ec26f] in python
=========         Host Frame: _PyRun_SimpleFileObject in pythonrun.c:459 [0x2ebee5] in python
=========         Host Frame: _PyRun_AnyFileObject in pythonrun.c:78 [0x2ebcc3] in python
=========         Host Frame: Py_RunMain in main.c:714 [0x2e853d] in python
=========         Host Frame: Py_BytesMain in main.c:768 [0x2a0636] in python
=========         Host Frame:  [0x2a1c9] in libc.so.6
=========         Host Frame: __libc_start_main [0x2a28a] in libc.so.6
=========         Host Frame: _start [0x2a04ad] in python
=========         Host Frame: get_compute_capability_major_minor in cuda.py:163
=========         Host Frame: detect_gpu_arch in env_manager.py:234
=========         Host Frame: arch in env_manager.py:709
=========         Host Frame: apply_envar_settings in compiler.py:1063
=========         Host Frame: _prepare_compilation in dsl.py:2896
=========         Host Frame: _func_impl in dsl.py:2955
=========         Host Frame: _func in dsl.py:2938
=========         Host Frame: _compile in compiler.py:1609
=========         Host Frame: __call__ in compiler.py:1446
=========         Host Frame: compile_probe in test_lpt_scheduler.py:144
=========         Host Frame: test_exhaustion_does_not_read_metadata in test_lpt_scheduler.py:248
=========         Host Frame: pytest_pyfunc_call in python.py:167
=========         Host Frame: _multicall in _callers.py:121
=========         Host Frame: _hookexec in _manager.py:120
=========         Host Frame: __call__ in _hooks.py:512
=========         Host Frame: runtest in python.py:1707
=========         Host Frame: pytest_runtest_call in runner.py:184
=========         Host Frame: _multicall in _callers.py:121
=========         Host Frame: _hookexec in _manager.py:120
=========         Host Frame: __call__ in _hooks.py:512
=========         Host Frame: <lambda> in runner.py:250
=========         Host Frame: from_call in runner.py:361
=========         Host Frame: call_and_report in runner.py:249
=========         Host Frame: runtestprotocol in runner.py:139
=========         Host Frame: pytest_runtest_protocol in runner.py:118
=========         Host Frame: _multicall in _callers.py:121
=========         Host Frame: _hookexec in _manager.py:120
=========         Host Frame: __call__ in _hooks.py:512
=========         Host Frame: pytest_runtestloop in main.py:408
=========         Host Frame: _multicall in _callers.py:121
=========         Host Frame: _hookexec in _manager.py:120
=========         Host Frame: __call__ in _hooks.py:512
=========         Host Frame: _main in main.py:384
=========         Host Frame: wrap_session in main.py:330
=========         Host Frame: pytest_cmdline_main in main.py:377
=========         Host Frame: _multicall in _callers.py:121
=========         Host Frame: _hookexec in _manager.py:120
=========         Host Frame: __call__ in _hooks.py:512
=========         Host Frame: _main in __init__.py:229
=========         Host Frame: main in __init__.py:201
========= 
========= Program hit CUDA_ERROR_INVALID_VALUE (error 1) due to "invalid argument" on CUDA API call to cuGetProcAddress_v2.
=========     Saved host backtrace up to driver entry point at error
=========         Host Frame:  [0x10942] in driver.cpython-312-x86_64-linux-gnu.so
=========         Host Frame:  [0x24d84] in driver.cpython-312-x86_64-linux-gnu.so
=========         Host Frame:  [0x150f9] in cydriver.cpython-312-x86_64-linux-gnu.so
=========         Host Frame:  [0x4ecd5d] in driver.cpython-312-x86_64-linux-gnu.so
=========         Host Frame: PyObject_Vectorcall in call.c:325 [0x214e0d] in python
=========         Host Frame: _PyEval_EvalFrameDefault in bytecodes.c:2715 [0x1ffb14] in python
=========         Host Frame: PyObject_CallOneArg in call.c:401 [0x22cd34] in python
=========         Host Frame: _PyObject_GenericGetAttrWithDict in object.c:1447 [0x21da35] in python
=========         Host Frame: PyObject_GetAttr in object.c:1060 [0x1f7e00] in python
=========         Host Frame: _PyEval_EvalFrameDefault in bytecodes.c:1802 [0x200556] in python
=========         Host Frame: _PyObject_VectorcallTstate.lto_priv.14 in pycore_call.h:92 [0x249612] in python
=========         Host Frame: method_vectorcall in classobject.c:61 [0x2491bd] in python
=========         Host Frame: _PyObject_Call in call.c:354 [0x231daa] in python
=========         Host Frame: _PyEval_EvalFrameDefault in bytecodes.c:3263 [0x203a55] in python
=========         Host Frame: _PyObject_VectorcallTstate.lto_priv.14 in pycore_call.h:92 [0x249612] in python
=========         Host Frame: method_vectorcall in classobject.c:61 [0x2491bd] in python
=========         Host Frame: _PyObject_Call in call.c:354 [0x231daa] in python
=========         Host Frame: _PyEval_EvalFrameDefault in bytecodes.c:3263 [0x203a55] in python
=========         Host Frame: _PyObject_VectorcallTstate.lto_priv.14 in pycore_call.h:92 [0x249612] in python
=========         Host Frame: method_vectorcall in classobject.c:61 [0x2491bd] in python
=========         Host Frame: _PyObject_Call in call.c:354 [0x231daa] in python
=========         Host Frame: _PyEval_EvalFrameDefault in bytecodes.c:3263 [0x203a55] in python
=========         Host Frame: _PyObject_VectorcallTstate.lto_priv.14 in pycore_call.h:92 [0x249612] in python
=========         Host Frame: method_vectorcall in classobject.c:61 [0x2491bd] in python
=========         Host Frame: _PyObject_Call in call.c:354 [0x231daa] in python
=========         Host Frame: _PyEval_EvalFrameDefault in bytecodes.c:3263 [0x203a55] in python
=========         Host Frame: _PyObject_FastCallDictTstate in call.c:144 [0x1f8592] in python
=========         Host Frame: _PyObject_Call_Prepend in call.c:508 [0x22f2e6] in python
=========         Host Frame: slot_tp_call in typeobject.c:8791 [0x300ed8] in python
=========         Host Frame: _PyObject_MakeTpCall in call.c:240 [0x1f586a] in python
=========         Host Frame: _PyEval_EvalFrameDefault in bytecodes.c:2715 [0x1ffb14] in python
=========         Host Frame: infinite_lru_cache_wrapper in _functoolsmodule.c:918 [0x342560] in python
=========         Host Frame: _PyObject_MakeTpCall in call.c:240 [0x1f586a] in python
=========         Host Frame: _PyEval_EvalFrameDefault in bytecodes.c:2715 [0x1ffb14] in python
=========         Host Frame: _PyObject_FastCallDictTstate in call.c:144 [0x1f8592] in python
=========         Host Frame: _PyObject_Call_Prepend in call.c:508 [0x22f266] in python
=========         Host Frame: slot_tp_call in typeobject.c:8791 [0x300ed8] in python
=========         Host Frame: _PyObject_MakeTpCall in call.c:240 [0x1f586a] in python
=========         Host Frame: _PyEval_EvalFrameDefault in bytecodes.c:2715 [0x1ffb14] in python
=========         Host Frame: _PyObject_FastCallDictTstate in call.c:144 [0x1f8592] in python
=========         Host Frame: _PyObject_Call_Prepend in call.c:508 [0x22f266] in python
=========         Host Frame: slot_tp_call in typeobject.c:8791 [0x300ed8] in python
=========         Host Frame: _PyObject_Call in call.c:367 [0x231d34] in python
=========         Host Frame: _PyEval_EvalFrameDefault in bytecodes.c:3263 [0x203a55] in python
=========         Host Frame: _PyObject_FastCallDictTstate in call.c:144 [0x1f8592] in python
=========         Host Frame: _PyObject_Call_Prepend in call.c:508 [0x22f266] in python
=========         Host Frame: slot_tp_call in typeobject.c:8791 [0x300ed8] in python
=========         Host Frame: _PyObject_MakeTpCall in call.c:240 [0x1f586a] in python
=========         Host Frame: _PyEval_EvalFrameDefault in bytecodes.c:2715 [0x1ffb14] in python
=========         Host Frame: _PyObject_FastCallDictTstate in call.c:144 [0x1f8592] in python
=========         Host Frame: _PyObject_Call_Prepend in call.c:508 [0x22f266] in python
=========         Host Frame: slot_tp_call in typeobject.c:8791 [0x300ed8] in python
=========         Host Frame: _PyObject_MakeTpCall in call.c:240 [0x1f586a] in python
=========         Host Frame: _PyEval_EvalFrameDefault in bytecodes.c:2715 [0x1ffb14] in python
=========         Host Frame: _PyObject_FastCallDictTstate in call.c:144 [0x1f8592] in python
=========         Host Frame: _PyObject_Call_Prepend in call.c:508 [0x22f266] in python
=========         Host Frame: slot_tp_call in typeobject.c:8791 [0x300ed8] in python
=========         Host Frame: _PyObject_MakeTpCall in call.c:240 [0x1f586a] in python
=========         Host Frame: _PyEval_EvalFrameDefault in bytecodes.c:2715 [0x1ffb14] in python
=========         Host Frame: PyEval_EvalCode in ceval.c:580 [0x2b893c] in python
=========         Host Frame: run_eval_code_obj in pythonrun.c:1757 [0x2f4639] in python
=========         Host Frame: run_mod in pythonrun.c:1778 [0x2ef2a4] in python
=========         Host Frame: pyrun_file in pythonrun.c:1674 [0x2ec26f] in python
=========         Host Frame: _PyRun_SimpleFileObject in pythonrun.c:459 [0x2ebee5] in python
=========         Host Frame: _PyRun_AnyFileObject in pythonrun.c:78 [0x2ebcc3] in python
=========         Host Frame: Py_RunMain in main.c:714 [0x2e853d] in python
=========         Host Frame: Py_BytesMain in main.c:768 [0x2a0636] in python
=========         Host Frame:  [0x2a1c9] in libc.so.6
=========         Host Frame: __libc_start_main [0x2a28a] in libc.so.6
=========         Host Frame: _start [0x2a04ad] in python
=========         Host Frame: get_compute_capability_major_minor in cuda.py:163
=========         Host Frame: detect_gpu_arch in env_manager.py:234
=========         Host Frame: arch in env_manager.py:709
=========         Host Frame: apply_envar_settings in compiler.py:1063
=========         Host Frame: _prepare_compilation in dsl.py:2896
=========         Host Frame: _func_impl in dsl.py:2955
=========         Host Frame: _func in dsl.py:2938
=========         Host Frame: _compile in compiler.py:1609
=========         Host Frame: __call__ in compiler.py:1446
=========         Host Frame: compile_probe in test_lpt_scheduler.py:144
=========         Host Frame: test_exhaustion_does_not_read_metadata in test_lpt_scheduler.py:248
=========         Host Frame: pytest_pyfunc_call in python.py:167
=========         Host Frame: _multicall in _callers.py:121
=========         Host Frame: _hookexec in _manager.py:120
=========         Host Frame: __call__ in _hooks.py:512
=========         Host Frame: runtest in python.py:1707
=========         Host Frame: pytest_runtest_call in runner.py:184
=========         Host Frame: _multicall in _callers.py:121
=========         Host Frame: _hookexec in _manager.py:120
=========         Host Frame: __call__ in _hooks.py:512
=========         Host Frame: <lambda> in runner.py:250
=========         Host Frame: from_call in runner.py:361
=========         Host Frame: call_and_report in runner.py:249
=========         Host Frame: runtestprotocol in runner.py:139
=========         Host Frame: pytest_runtest_protocol in runner.py:118
=========         Host Frame: _multicall in _callers.py:121
=========         Host Frame: _hookexec in _manager.py:120
=========         Host Frame: __call__ in _hooks.py:512
=========         Host Frame: pytest_runtestloop in main.py:408
=========         Host Frame: _multicall in _callers.py:121
=========         Host Frame: _hookexec in _manager.py:120
=========         Host Frame: __call__ in _hooks.py:512
=========         Host Frame: _main in main.py:384
=========         Host Frame: wrap_session in main.py:330
=========         Host Frame: pytest_cmdline_main in main.py:377
=========         Host Frame: _multicall in _callers.py:121
=========         Host Frame: _hookexec in _manager.py:120
=========         Host Frame: __call__ in _hooks.py:512
=========         Host Frame: _main in __init__.py:229
=========         Host Frame: main in __init__.py:201
========= 
========= Program hit CUDA_ERROR_INVALID_VALUE (error 1) due to "invalid argument" on CUDA API call to cuGetProcAddress_v2.
=========     Saved host backtrace up to driver entry point at error
=========         Host Frame:  [0x10968] in driver.cpython-312-x86_64-linux-gnu.so
=========         Host Frame:  [0x24d84] in driver.cpython-312-x86_64-linux-gnu.so
=========         Host Frame:  [0x150f9] in cydriver.cpython-312-x86_64-linux-gnu.so
=========         Host Frame:  [0x4ecd5d] in driver.cpython-312-x86_64-linux-gnu.so
=========         Host Frame: PyObject_Vectorcall in call.c:325 [0x214e0d] in python
=========         Host Frame: _PyEval_EvalFrameDefault in bytecodes.c:2715 [0x1ffb14] in python
=========         Host Frame: PyObject_CallOneArg in call.c:401 [0x22cd34] in python
=========         Host Frame: _PyObject_GenericGetAttrWithDict in object.c:1447 [0x21da35] in python
=========         Host Frame: PyObject_GetAttr in object.c:1060 [0x1f7e00] in python
=========         Host Frame: _PyEval_EvalFrameDefault in bytecodes.c:1802 [0x200556] in python
=========         Host Frame: _PyObject_VectorcallTstate.lto_priv.14 in pycore_call.h:92 [0x249612] in python
=========         Host Frame: method_vectorcall in classobject.c:61 [0x2491bd] in python
=========         Host Frame: _PyObject_Call in call.c:354 [0x231daa] in python
=========         Host Frame: _PyEval_EvalFrameDefault in bytecodes.c:3263 [0x203a55] in python
=========         Host Frame: _PyObject_VectorcallTstate.lto_priv.14 in pycore_call.h:92 [0x249612] in python
=========         Host Frame: method_vectorcall in classobject.c:61 [0x2491bd] in python
=========         Host Frame: _PyObject_Call in call.c:354 [0x231daa] in python
=========         Host Frame: _PyEval_EvalFrameDefault in bytecodes.c:3263 [0x203a55] in python
=========         Host Frame: _PyObject_VectorcallTstate.lto_priv.14 in pycore_call.h:92 [0x249612] in python
=========         Host Frame: method_vectorcall in classobject.c:61 [0x2491bd] in python
=========         Host Frame: _PyObject_Call in call.c:354 [0x231daa] in python
=========         Host Frame: _PyEval_EvalFrameDefault in bytecodes.c:3263 [0x203a55] in python
=========         Host Frame: _PyObject_VectorcallTstate.lto_priv.14 in pycore_call.h:92 [0x249612] in python
=========         Host Frame: method_vectorcall in classobject.c:61 [0x2491bd] in python
=========         Host Frame: _PyObject_Call in call.c:354 [0x231daa] in python
=========         Host Frame: _PyEval_EvalFrameDefault in bytecodes.c:3263 [0x203a55] in python
=========         Host Frame: _PyObject_FastCallDictTstate in call.c:144 [0x1f8592] in python
=========         Host Frame: _PyObject_Call_Prepend in call.c:508 [0x22f2e6] in python
=========         Host Frame: slot_tp_call in typeobject.c:8791 [0x300ed8] in python
=========         Host Frame: _PyObject_MakeTpCall in call.c:240 [0x1f586a] in python
=========         Host Frame: _PyEval_EvalFrameDefault in bytecodes.c:2715 [0x1ffb14] in python
=========         Host Frame: infinite_lru_cache_wrapper in _functoolsmodule.c:918 [0x342560] in python
=========         Host Frame: _PyObject_MakeTpCall in call.c:240 [0x1f586a] in python
=========         Host Frame: _PyEval_EvalFrameDefault in bytecodes.c:2715 [0x1ffb14] in python
=========         Host Frame: _PyObject_FastCallDictTstate in call.c:144 [0x1f8592] in python
=========         Host Frame: _PyObject_Call_Prepend in call.c:508 [0x22f266] in python
=========         Host Frame: slot_tp_call in typeobject.c:8791 [0x300ed8] in python
=========         Host Frame: _PyObject_MakeTpCall in call.c:240 [0x1f586a] in python
=========         Host Frame: _PyEval_EvalFrameDefault in bytecodes.c:2715 [0x1ffb14] in python
=========         Host Frame: _PyObject_FastCallDictTstate in call.c:144 [0x1f8592] in python
=========         Host Frame: _PyObject_Call_Prepend in call.c:508 [0x22f266] in python
=========         Host Frame: slot_tp_call in typeobject.c:8791 [0x300ed8] in python
=========         Host Frame: _PyObject_Call in call.c:367 [0x231d34] in python
=========         Host Frame: _PyEval_EvalFrameDefault in bytecodes.c:3263 [0x203a55] in python
=========         Host Frame: _PyObject_FastCallDictTstate in call.c:144 [0x1f8592] in python
=========         Host Frame: _PyObject_Call_Prepend in call.c:508 [0x22f266] in python
=========         Host Frame: slot_tp_call in typeobject.c:8791 [0x300ed8] in python
=========         Host Frame: _PyObject_MakeTpCall in call.c:240 [0x1f586a] in python
=========         Host Frame: _PyEval_EvalFrameDefault in bytecodes.c:2715 [0x1ffb14] in python
=========         Host Frame: _PyObject_FastCallDictTstate in call.c:144 [0x1f8592] in python
=========         Host Frame: _PyObject_Call_Prepend in call.c:508 [0x22f266] in python
=========         Host Frame: slot_tp_call in typeobject.c:8791 [0x300ed8] in python
=========         Host Frame: _PyObject_MakeTpCall in call.c:240 [0x1f586a] in python
=========         Host Frame: _PyEval_EvalFrameDefault in bytecodes.c:2715 [0x1ffb14] in python
=========         Host Frame: _PyObject_FastCallDictTstate in call.c:144 [0x1f8592] in python
=========         Host Frame: _PyObject_Call_Prepend in call.c:508 [0x22f266] in python
=========         Host Frame: slot_tp_call in typeobject.c:8791 [0x300ed8] in python
=========         Host Frame: _PyObject_MakeTpCall in call.c:240 [0x1f586a] in python
=========         Host Frame: _PyEval_EvalFrameDefault in bytecodes.c:2715 [0x1ffb14] in python
=========         Host Frame: PyEval_EvalCode in ceval.c:580 [0x2b893c] in python
=========         Host Frame: run_eval_code_obj in pythonrun.c:1757 [0x2f4639] in python
=========         Host Frame: run_mod in pythonrun.c:1778 [0x2ef2a4] in python
=========         Host Frame: pyrun_file in pythonrun.c:1674 [0x2ec26f] in python
=========         Host Frame: _PyRun_SimpleFileObject in pythonrun.c:459 [0x2ebee5] in python
=========         Host Frame: _PyRun_AnyFileObject in pythonrun.c:78 [0x2ebcc3] in python
=========         Host Frame: Py_RunMain in main.c:714 [0x2e853d] in python
=========         Host Frame: Py_BytesMain in main.c:768 [0x2a0636] in python
=========         Host Frame:  [0x2a1c9] in libc.so.6
=========         Host Frame: __libc_start_main [0x2a28a] in libc.so.6
=========         Host Frame: _start [0x2a04ad] in python
=========         Host Frame: get_compute_capability_major_minor in cuda.py:163
=========         Host Frame: detect_gpu_arch in env_manager.py:234
=========         Host Frame: arch in env_manager.py:709
=========         Host Frame: apply_envar_settings in compiler.py:1063
=========         Host Frame: _prepare_compilation in dsl.py:2896
=========         Host Frame: _func_impl in dsl.py:2955
=========         Host Frame: _func in dsl.py:2938
=========         Host Frame: _compile in compiler.py:1609
=========         Host Frame: __call__ in compiler.py:1446
=========         Host Frame: compile_probe in test_lpt_scheduler.py:144
=========         Host Frame: test_exhaustion_does_not_read_metadata in test_lpt_scheduler.py:248
=========         Host Frame: pytest_pyfunc_call in python.py:167
=========         Host Frame: _multicall in _callers.py:121
=========         Host Frame: _hookexec in _manager.py:120
=========         Host Frame: __call__ in _hooks.py:512
=========         Host Frame: runtest in python.py:1707
=========         Host Frame: pytest_runtest_call in runner.py:184
=========         Host Frame: _multicall in _callers.py:121
=========         Host Frame: _hookexec in _manager.py:120
=========         Host Frame: __call__ in _hooks.py:512
=========         Host Frame: <lambda> in runner.py:250
=========         Host Frame: from_call in runner.py:361
=========         Host Frame: call_and_report in runner.py:249
=========         Host Frame: runtestprotocol in runner.py:139
=========         Host Frame: pytest_runtest_protocol in runner.py:118
=========         Host Frame: _multicall in _callers.py:121
=========         Host Frame: _hookexec in _manager.py:120
=========         Host Frame: __call__ in _hooks.py:512
=========         Host Frame: pytest_runtestloop in main.py:408
=========         Host Frame: _multicall in _callers.py:121
=========         Host Frame: _hookexec in _manager.py:120
=========         Host Frame: __call__ in _hooks.py:512
=========         Host Frame: _main in main.py:384
=========         Host Frame: wrap_session in main.py:330
=========         Host Frame: pytest_cmdline_main in main.py:377
=========         Host Frame: _multicall in _callers.py:121
=========         Host Frame: _hookexec in _manager.py:120
=========         Host Frame: __call__ in _hooks.py:512
=========         Host Frame: _main in __init__.py:229
=========         Host Frame: main in __init__.py:201
========= 
========= Program hit CUDA_ERROR_INVALID_VALUE (error 1) due to "invalid argument" on CUDA API call to cuGetProcAddress_v2.
=========     Saved host backtrace up to driver entry point at error
=========         Host Frame:  [0x1098e] in driver.cpython-312-x86_64-linux-gnu.so
=========         Host Frame:  [0x24d84] in driver.cpython-312-x86_64-linux-gnu.so
=========         Host Frame:  [0x150f9] in cydriver.cpython-312-x86_64-linux-gnu.so
=========         Host Frame:  [0x4ecd5d] in driver.cpython-312-x86_64-linux-gnu.so
=========         Host Frame: PyObject_Vectorcall in call.c:325 [0x214e0d] in python
=========         Host Frame: _PyEval_EvalFrameDefault in bytecodes.c:2715 [0x1ffb14] in python
=========         Host Frame: PyObject_CallOneArg in call.c:401 [0x22cd34] in python
=========         Host Frame: _PyObject_GenericGetAttrWithDict in object.c:1447 [0x21da35] in python
=========         Host Frame: PyObject_GetAttr in object.c:1060 [0x1f7e00] in python
=========         Host Frame: _PyEval_EvalFrameDefault in bytecodes.c:1802 [0x200556] in python
=========         Host Frame: _PyObject_VectorcallTstate.lto_priv.14 in pycore_call.h:92 [0x249612] in python
=========         Host Frame: method_vectorcall in classobject.c:61 [0x2491bd] in python
=========         Host Frame: _PyObject_Call in call.c:354 [0x231daa] in python
=========         Host Frame: _PyEval_EvalFrameDefault in bytecodes.c:3263 [0x203a55] in python
=========         Host Frame: _PyObject_VectorcallTstate.lto_priv.14 in pycore_call.h:92 [0x249612] in python
=========         Host Frame: method_vectorcall in classobject.c:61 [0x2491bd] in python
=========         Host Frame: _PyObject_Call in call.c:354 [0x231daa] in python
=========         Host Frame: _PyEval_EvalFrameDefault in bytecodes.c:3263 [0x203a55] in python
=========         Host Frame: _PyObject_VectorcallTstate.lto_priv.14 in pycore_call.h:92 [0x249612] in python
=========         Host Frame: method_vectorcall in classobject.c:61 [0x2491bd] in python
=========         Host Frame: _PyObject_Call in call.c:354 [0x231daa] in python
=========         Host Frame: _PyEval_EvalFrameDefault in bytecodes.c:3263 [0x203a55] in python
=========         Host Frame: _PyObject_VectorcallTstate.lto_priv.14 in pycore_call.h:92 [0x249612] in python
=========         Host Frame: method_vectorcall in classobject.c:61 [0x2491bd] in python
=========         Host Frame: _PyObject_Call in call.c:354 [0x231daa] in python
=========         Host Frame: _PyEval_EvalFrameDefault in bytecodes.c:3263 [0x203a55] in python
=========         Host Frame: _PyObject_FastCallDictTstate in call.c:144 [0x1f8592] in python
=========         Host Frame: _PyObject_Call_Prepend in call.c:508 [0x22f2e6] in python
=========         Host Frame: slot_tp_call in typeobject.c:8791 [0x300ed8] in python
=========         Host Frame: _PyObject_MakeTpCall in call.c:240 [0x1f586a] in python
=========         Host Frame: _PyEval_EvalFrameDefault in bytecodes.c:2715 [0x1ffb14] in python
=========         Host Frame: infinite_lru_cache_wrapper in _functoolsmodule.c:918 [0x342560] in python
=========         Host Frame: _PyObject_MakeTpCall in call.c:240 [0x1f586a] in python
=========         Host Frame: _PyEval_EvalFrameDefault in bytecodes.c:2715 [0x1ffb14] in python
=========         Host Frame: _PyObject_FastCallDictTstate in call.c:144 [0x1f8592] in python
=========         Host Frame: _PyObject_Call_Prepend in call.c:508 [0x22f266] in python
=========         Host Frame: slot_tp_call in typeobject.c:8791 [0x300ed8] in python
=========         Host Frame: _PyObject_MakeTpCall in call.c:240 [0x1f586a] in python
=========         Host Frame: _PyEval_EvalFrameDefault in bytecodes.c:2715 [0x1ffb14] in python
=========         Host Frame: _PyObject_FastCallDictTstate in call.c:144 [0x1f8592] in python
=========         Host Frame: _PyObject_Call_Prepend in call.c:508 [0x22f266] in python
=========         Host Frame: slot_tp_call in typeobject.c:8791 [0x300ed8] in python
=========         Host Frame: _PyObject_Call in call.c:367 [0x231d34] in python
=========         Host Frame: _PyEval_EvalFrameDefault in bytecodes.c:3263 [0x203a55] in python
=========         Host Frame: _PyObject_FastCallDictTstate in call.c:144 [0x1f8592] in python
=========         Host Frame: _PyObject_Call_Prepend in call.c:508 [0x22f266] in python
=========         Host Frame: slot_tp_call in typeobject.c:8791 [0x300ed8] in python
=========         Host Frame: _PyObject_MakeTpCall in call.c:240 [0x1f586a] in python
=========         Host Frame: _PyEval_EvalFrameDefault in bytecodes.c:2715 [0x1ffb14] in python
=========         Host Frame: _PyObject_FastCallDictTstate in call.c:144 [0x1f8592] in python
=========         Host Frame: _PyObject_Call_Prepend in call.c:508 [0x22f266] in python
=========         Host Frame: slot_tp_call in typeobject.c:8791 [0x300ed8] in python
=========         Host Frame: _PyObject_MakeTpCall in call.c:240 [0x1f586a] in python
=========         Host Frame: _PyEval_EvalFrameDefault in bytecodes.c:2715 [0x1ffb14] in python
=========         Host Frame: _PyObject_FastCallDictTstate in call.c:144 [0x1f8592] in python
=========         Host Frame: _PyObject_Call_Prepend in call.c:508 [0x22f266] in python
=========         Host Frame: slot_tp_call in typeobject.c:8791 [0x300ed8] in python
=========         Host Frame: _PyObject_MakeTpCall in call.c:240 [0x1f586a] in python
=========         Host Frame: _PyEval_EvalFrameDefault in bytecodes.c:2715 [0x1ffb14] in python
=========         Host Frame: PyEval_EvalCode in ceval.c:580 [0x2b893c] in python
=========         Host Frame: run_eval_code_obj in pythonrun.c:1757 [0x2f4639] in python
=========         Host Frame: run_mod in pythonrun.c:1778 [0x2ef2a4] in python
=========         Host Frame: pyrun_file in pythonrun.c:1674 [0x2ec26f] in python
=========         Host Frame: _PyRun_SimpleFileObject in pythonrun.c:459 [0x2ebee5] in python
=========         Host Frame: _PyRun_AnyFileObject in pythonrun.c:78 [0x2ebcc3] in python
=========         Host Frame: Py_RunMain in main.c:714 [0x2e853d] in python
=========         Host Frame: Py_BytesMain in main.c:768 [0x2a0636] in python
=========         Host Frame:  [0x2a1c9] in libc.so.6
=========         Host Frame: __libc_start_main [0x2a28a] in libc.so.6
=========         Host Frame: _start [0x2a04ad] in python
=========         Host Frame: get_compute_capability_major_minor in cuda.py:163
=========         Host Frame: detect_gpu_arch in env_manager.py:234
=========         Host Frame: arch in env_manager.py:709
=========         Host Frame: apply_envar_settings in compiler.py:1063
=========         Host Frame: _prepare_compilation in dsl.py:2896
=========         Host Frame: _func_impl in dsl.py:2955
=========         Host Frame: _func in dsl.py:2938
=========         Host Frame: _compile in compiler.py:1609
=========         Host Frame: __call__ in compiler.py:1446
=========         Host Frame: compile_probe in test_lpt_scheduler.py:144
=========         Host Frame: test_exhaustion_does_not_read_metadata in test_lpt_scheduler.py:248
=========         Host Frame: pytest_pyfunc_call in python.py:167
=========         Host Frame: _multicall in _callers.py:121
=========         Host Frame: _hookexec in _manager.py:120
=========         Host Frame: __call__ in _hooks.py:512
=========         Host Frame: runtest in python.py:1707
=========         Host Frame: pytest_runtest_call in runner.py:184
=========         Host Frame: _multicall in _callers.py:121
=========         Host Frame: _hookexec in _manager.py:120
=========         Host Frame: __call__ in _hooks.py:512
=========         Host Frame: <lambda> in runner.py:250
=========         Host Frame: from_call in runner.py:361
=========         Host Frame: call_and_report in runner.py:249
=========         Host Frame: runtestprotocol in runner.py:139
=========         Host Frame: pytest_runtest_protocol in runner.py:118
=========         Host Frame: _multicall in _callers.py:121
=========         Host Frame: _hookexec in _manager.py:120
=========         Host Frame: __call__ in _hooks.py:512
=========         Host Frame: pytest_runtestloop in main.py:408
=========         Host Frame: _multicall in _callers.py:121
=========         Host Frame: _hookexec in _manager.py:120
=========         Host Frame: __call__ in _hooks.py:512
=========         Host Frame: _main in main.py:384
=========         Host Frame: wrap_session in main.py:330
=========         Host Frame: pytest_cmdline_main in main.py:377
=========         Host Frame: _multicall in _callers.py:121
=========         Host Frame: _hookexec in _manager.py:120
=========         Host Frame: __call__ in _hooks.py:512
=========         Host Frame: _main in __init__.py:229
=========         Host Frame: main in __init__.py:201
========= 
========= Program hit CUDA_ERROR_INVALID_VALUE (error 1) due to "invalid argument" on CUDA API call to cuGetProcAddress_v2.
=========     Saved host backtrace up to driver entry point at error
=========         Host Frame:  [0x109b4] in driver.cpython-312-x86_64-linux-gnu.so
=========         Host Frame:  [0x24d84] in driver.cpython-312-x86_64-linux-gnu.so
=========         Host Frame:  [0x150f9] in cydriver.cpython-312-x86_64-linux-gnu.so
=========         Host Frame:  [0x4ecd5d] in driver.cpython-312-x86_64-linux-gnu.so
=========         Host Frame: PyObject_Vectorcall in call.c:325 [0x214e0d] in python
=========         Host Frame: _PyEval_EvalFrameDefault in bytecodes.c:2715 [0x1ffb14] in python
=========         Host Frame: PyObject_CallOneArg in call.c:401 [0x22cd34] in python
=========         Host Frame: _PyObject_GenericGetAttrWithDict in object.c:1447 [0x21da35] in python
=========         Host Frame: PyObject_GetAttr in object.c:1060 [0x1f7e00] in python
=========         Host Frame: _PyEval_EvalFrameDefault in bytecodes.c:1802 [0x200556] in python
=========         Host Frame: _PyObject_VectorcallTstate.lto_priv.14 in pycore_call.h:92 [0x249612] in python
=========         Host Frame: method_vectorcall in classobject.c:61 [0x2491bd] in python
=========         Host Frame: _PyObject_Call in call.c:354 [0x231daa] in python
=========         Host Frame: _PyEval_EvalFrameDefault in bytecodes.c:3263 [0x203a55] in python
=========         Host Frame: _PyObject_VectorcallTstate.lto_priv.14 in pycore_call.h:92 [0x249612] in python
=========         Host Frame: method_vectorcall in classobject.c:61 [0x2491bd] in python
=========         Host Frame: _PyObject_Call in call.c:354 [0x231daa] in python
=========         Host Frame: _PyEval_EvalFrameDefault in bytecodes.c:3263 [0x203a55] in python
=========         Host Frame: _PyObject_VectorcallTstate.lto_priv.14 in pycore_call.h:92 [0x249612] in python
=========         Host Frame: method_vectorcall in classobject.c:61 [0x2491bd] in python
=========         Host Frame: _PyObject_Call in call.c:354 [0x231daa] in python
=========         Host Frame: _PyEval_EvalFrameDefault in bytecodes.c:3263 [0x203a55] in python
=========         Host Frame: _PyObject_VectorcallTstate.lto_priv.14 in pycore_call.h:92 [0x249612] in python
=========         Host Frame: method_vectorcall in classobject.c:61 [0x2491bd] in python
=========         Host Frame: _PyObject_Call in call.c:354 [0x231daa] in python
=========         Host Frame: _PyEval_EvalFrameDefault in bytecodes.c:3263 [0x203a55] in python
=========         Host Frame: _PyObject_FastCallDictTstate in call.c:144 [0x1f8592] in python
=========         Host Frame: _PyObject_Call_Prepend in call.c:508 [0x22f2e6] in python
=========         Host Frame: slot_tp_call in typeobject.c:8791 [0x300ed8] in python
=========         Host Frame: _PyObject_MakeTpCall in call.c:240 [0x1f586a] in python
=========         Host Frame: _PyEval_EvalFrameDefault in bytecodes.c:2715 [0x1ffb14] in python
=========         Host Frame: infinite_lru_cache_wrapper in _functoolsmodule.c:918 [0x342560] in python
=========         Host Frame: _PyObject_MakeTpCall in call.c:240 [0x1f586a] in python
=========         Host Frame: _PyEval_EvalFrameDefault in bytecodes.c:2715 [0x1ffb14] in python
=========         Host Frame: _PyObject_FastCallDictTstate in call.c:144 [0x1f8592] in python
=========         Host Frame: _PyObject_Call_Prepend in call.c:508 [0x22f266] in python
=========         Host Frame: slot_tp_call in typeobject.c:8791 [0x300ed8] in python
=========         Host Frame: _PyObject_MakeTpCall in call.c:240 [0x1f586a] in python
=========         Host Frame: _PyEval_EvalFrameDefault in bytecodes.c:2715 [0x1ffb14] in python
=========         Host Frame: _PyObject_FastCallDictTstate in call.c:144 [0x1f8592] in python
=========         Host Frame: _PyObject_Call_Prepend in call.c:508 [0x22f266] in python
=========         Host Frame: slot_tp_call in typeobject.c:8791 [0x300ed8] in python
=========         Host Frame: _PyObject_Call in call.c:367 [0x231d34] in python
=========         Host Frame: _PyEval_EvalFrameDefault in bytecodes.c:3263 [0x203a55] in python
=========         Host Frame: _PyObject_FastCallDictTstate in call.c:144 [0x1f8592] in python
=========         Host Frame: _PyObject_Call_Prepend in call.c:508 [0x22f266] in python
=========         Host Frame: slot_tp_call in typeobject.c:8791 [0x300ed8] in python
=========         Host Frame: _PyObject_MakeTpCall in call.c:240 [0x1f586a] in python
=========         Host Frame: _PyEval_EvalFrameDefault in bytecodes.c:2715 [0x1ffb14] in python
=========         Host Frame: _PyObject_FastCallDictTstate in call.c:144 [0x1f8592] in python
=========         Host Frame: _PyObject_Call_Prepend in call.c:508 [0x22f266] in python
=========         Host Frame: slot_tp_call in typeobject.c:8791 [0x300ed8] in python
=========         Host Frame: _PyObject_MakeTpCall in call.c:240 [0x1f586a] in python
=========         Host Frame: _PyEval_EvalFrameDefault in bytecodes.c:2715 [0x1ffb14] in python
=========         Host Frame: _PyObject_FastCallDictTstate in call.c:144 [0x1f8592] in python
=========         Host Frame: _PyObject_Call_Prepend in call.c:508 [0x22f266] in python
=========         Host Frame: slot_tp_call in typeobject.c:8791 [0x300ed8] in python
=========         Host Frame: _PyObject_MakeTpCall in call.c:240 [0x1f586a] in python
=========         Host Frame: _PyEval_EvalFrameDefault in bytecodes.c:2715 [0x1ffb14] in python
=========         Host Frame: PyEval_EvalCode in ceval.c:580 [0x2b893c] in python
=========         Host Frame: run_eval_code_obj in pythonrun.c:1757 [0x2f4639] in python
=========         Host Frame: run_mod in pythonrun.c:1778 [0x2ef2a4] in python
=========         Host Frame: pyrun_file in pythonrun.c:1674 [0x2ec26f] in python
=========         Host Frame: _PyRun_SimpleFileObject in pythonrun.c:459 [0x2ebee5] in python
=========         Host Frame: _PyRun_AnyFileObject in pythonrun.c:78 [0x2ebcc3] in python
=========         Host Frame: Py_RunMain in main.c:714 [0x2e853d] in python
=========         Host Frame: Py_BytesMain in main.c:768 [0x2a0636] in python
=========         Host Frame:  [0x2a1c9] in libc.so.6
=========         Host Frame: __libc_start_main [0x2a28a] in libc.so.6
=========         Host Frame: _start [0x2a04ad] in python
=========         Host Frame: get_compute_capability_major_minor in cuda.py:163
=========         Host Frame: detect_gpu_arch in env_manager.py:234
=========         Host Frame: arch in env_manager.py:709
=========         Host Frame: apply_envar_settings in compiler.py:1063
=========         Host Frame: _prepare_compilation in dsl.py:2896
=========         Host Frame: _func_impl in dsl.py:2955
=========         Host Frame: _func in dsl.py:2938
=========         Host Frame: _compile in compiler.py:1609
=========         Host Frame: __call__ in compiler.py:1446
=========         Host Frame: compile_probe in test_lpt_scheduler.py:144
=========         Host Frame: test_exhaustion_does_not_read_metadata in test_lpt_scheduler.py:248
=========         Host Frame: pytest_pyfunc_call in python.py:167
=========         Host Frame: _multicall in _callers.py:121
=========         Host Frame: _hookexec in _manager.py:120
=========         Host Frame: __call__ in _hooks.py:512
=========         Host Frame: runtest in python.py:1707
=========         Host Frame: pytest_runtest_call in runner.py:184
=========         Host Frame: _multicall in _callers.py:121
=========         Host Frame: _hookexec in _manager.py:120
=========         Host Frame: __call__ in _hooks.py:512
=========         Host Frame: <lambda> in runner.py:250
=========         Host Frame: from_call in runner.py:361
=========         Host Frame: call_and_report in runner.py:249
=========         Host Frame: runtestprotocol in runner.py:139
=========         Host Frame: pytest_runtest_protocol in runner.py:118
=========         Host Frame: _multicall in _callers.py:121
=========         Host Frame: _hookexec in _manager.py:120
=========         Host Frame: __call__ in _hooks.py:512
=========         Host Frame: pytest_runtestloop in main.py:408
=========         Host Frame: _multicall in _callers.py:121
=========         Host Frame: _hookexec in _manager.py:120
=========         Host Frame: __call__ in _hooks.py:512
=========         Host Frame: _main in main.py:384
=========         Host Frame: wrap_session in main.py:330
=========         Host Frame: pytest_cmdline_main in main.py:377
=========         Host Frame: _multicall in _callers.py:121
=========         Host Frame: _hookexec in _manager.py:120
=========         Host Frame: __call__ in _hooks.py:512
=========         Host Frame: _main in __init__.py:229
=========         Host Frame: main in __init__.py:201
========= 
========= Program hit CUDA_ERROR_INVALID_VALUE (error 1) due to "invalid argument" on CUDA API call to cuGetProcAddress_v2.
=========     Saved host backtrace up to driver entry point at error
=========         Host Frame:  [0x109da] in driver.cpython-312-x86_64-linux-gnu.so
=========         Host Frame:  [0x24d84] in driver.cpython-312-x86_64-linux-gnu.so
=========         Host Frame:  [0x150f9] in cydriver.cpython-312-x86_64-linux-gnu.so
=========         Host Frame:  [0x4ecd5d] in driver.cpython-312-x86_64-linux-gnu.so
=========         Host Frame: PyObject_Vectorcall in call.c:325 [0x214e0d] in python
=========         Host Frame: _PyEval_EvalFrameDefault in bytecodes.c:2715 [0x1ffb14] in python
=========         Host Frame: PyObject_CallOneArg in call.c:401 [0x22cd34] in python
=========         Host Frame: _PyObject_GenericGetAttrWithDict in object.c:1447 [0x21da35] in python
=========         Host Frame: PyObject_GetAttr in object.c:1060 [0x1f7e00] in python
=========         Host Frame: _PyEval_EvalFrameDefault in bytecodes.c:1802 [0x200556] in python
=========         Host Frame: _PyObject_VectorcallTstate.lto_priv.14 in pycore_call.h:92 [0x249612] in python
=========         Host Frame: method_vectorcall in classobject.c:61 [0x2491bd] in python
=========         Host Frame: _PyObject_Call in call.c:354 [0x231daa] in python
=========         Host Frame: _PyEval_EvalFrameDefault in bytecodes.c:3263 [0x203a55] in python
=========         Host Frame: _PyObject_VectorcallTstate.lto_priv.14 in pycore_call.h:92 [0x249612] in python
=========         Host Frame: method_vectorcall in classobject.c:61 [0x2491bd] in python
=========         Host Frame: _PyObject_Call in call.c:354 [0x231daa] in python
=========         Host Frame: _PyEval_EvalFrameDefault in bytecodes.c:3263 [0x203a55] in python
=========         Host Frame: _PyObject_VectorcallTstate.lto_priv.14 in pycore_call.h:92 [0x249612] in python
=========         Host Frame: method_vectorcall in classobject.c:61 [0x2491bd] in python
=========         Host Frame: _PyObject_Call in call.c:354 [0x231daa] in python
=========         Host Frame: _PyEval_EvalFrameDefault in bytecodes.c:3263 [0x203a55] in python
=========         Host Frame: _PyObject_VectorcallTstate.lto_priv.14 in pycore_call.h:92 [0x249612] in python
=========         Host Frame: method_vectorcall in classobject.c:61 [0x2491bd] in python
=========         Host Frame: _PyObject_Call in call.c:354 [0x231daa] in python
=========         Host Frame: _PyEval_EvalFrameDefault in bytecodes.c:3263 [0x203a55] in python
=========         Host Frame: _PyObject_FastCallDictTstate in call.c:144 [0x1f8592] in python
=========         Host Frame: _PyObject_Call_Prepend in call.c:508 [0x22f2e6] in python
=========         Host Frame: slot_tp_call in typeobject.c:8791 [0x300ed8] in python
=========         Host Frame: _PyObject_MakeTpCall in call.c:240 [0x1f586a] in python
=========         Host Frame: _PyEval_EvalFrameDefault in bytecodes.c:2715 [0x1ffb14] in python
=========         Host Frame: infinite_lru_cache_wrapper in _functoolsmodule.c:918 [0x342560] in python
=========         Host Frame: _PyObject_MakeTpCall in call.c:240 [0x1f586a] in python
=========         Host Frame: _PyEval_EvalFrameDefault in bytecodes.c:2715 [0x1ffb14] in python
=========         Host Frame: _PyObject_FastCallDictTstate in call.c:144 [0x1f8592] in python
=========         Host Frame: _PyObject_Call_Prepend in call.c:508 [0x22f266] in python
=========         Host Frame: slot_tp_call in typeobject.c:8791 [0x300ed8] in python
=========         Host Frame: _PyObject_MakeTpCall in call.c:240 [0x1f586a] in python
=========         Host Frame: _PyEval_EvalFrameDefault in bytecodes.c:2715 [0x1ffb14] in python
=========         Host Frame: _PyObject_FastCallDictTstate in call.c:144 [0x1f8592] in python
=========         Host Frame: _PyObject_Call_Prepend in call.c:508 [0x22f266] in python
=========         Host Frame: slot_tp_call in typeobject.c:8791 [0x300ed8] in python
=========         Host Frame: _PyObject_Call in call.c:367 [0x231d34] in python
=========         Host Frame: _PyEval_EvalFrameDefault in bytecodes.c:3263 [0x203a55] in python
=========         Host Frame: _PyObject_FastCallDictTstate in call.c:144 [0x1f8592] in python
=========         Host Frame: _PyObject_Call_Prepend in call.c:508 [0x22f266] in python
=========         Host Frame: slot_tp_call in typeobject.c:8791 [0x300ed8] in python
=========         Host Frame: _PyObject_MakeTpCall in call.c:240 [0x1f586a] in python
=========         Host Frame: _PyEval_EvalFrameDefault in bytecodes.c:2715 [0x1ffb14] in python
=========         Host Frame: _PyObject_FastCallDictTstate in call.c:144 [0x1f8592] in python
=========         Host Frame: _PyObject_Call_Prepend in call.c:508 [0x22f266] in python
=========         Host Frame: slot_tp_call in typeobject.c:8791 [0x300ed8] in python
=========         Host Frame: _PyObject_MakeTpCall in call.c:240 [0x1f586a] in python
=========         Host Frame: _PyEval_EvalFrameDefault in bytecodes.c:2715 [0x1ffb14] in python
=========         Host Frame: _PyObject_FastCallDictTstate in call.c:144 [0x1f8592] in python
=========         Host Frame: _PyObject_Call_Prepend in call.c:508 [0x22f266] in python
=========         Host Frame: slot_tp_call in typeobject.c:8791 [0x300ed8] in python
=========         Host Frame: _PyObject_MakeTpCall in call.c:240 [0x1f586a] in python
=========         Host Frame: _PyEval_EvalFrameDefault in bytecodes.c:2715 [0x1ffb14] in python
=========         Host Frame: PyEval_EvalCode in ceval.c:580 [0x2b893c] in python
=========         Host Frame: run_eval_code_obj in pythonrun.c:1757 [0x2f4639] in python
=========         Host Frame: run_mod in pythonrun.c:1778 [0x2ef2a4] in python
=========         Host Frame: pyrun_file in pythonrun.c:1674 [0x2ec26f] in python
=========         Host Frame: _PyRun_SimpleFileObject in pythonrun.c:459 [0x2ebee5] in python
=========         Host Frame: _PyRun_AnyFileObject in pythonrun.c:78 [0x2ebcc3] in python
=========         Host Frame: Py_RunMain in main.c:714 [0x2e853d] in python
=========         Host Frame: Py_BytesMain in main.c:768 [0x2a0636] in python
=========         Host Frame:  [0x2a1c9] in libc.so.6
=========         Host Frame: __libc_start_main [0x2a28a] in libc.so.6
=========         Host Frame: _start [0x2a04ad] in python
=========         Host Frame: get_compute_capability_major_minor in cuda.py:163
=========         Host Frame: detect_gpu_arch in env_manager.py:234
=========         Host Frame: arch in env_manager.py:709
=========         Host Frame: apply_envar_settings in compiler.py:1063
=========         Host Frame: _prepare_compilation in dsl.py:2896
=========         Host Frame: _func_impl in dsl.py:2955
=========         Host Frame: _func in dsl.py:2938
=========         Host Frame: _compile in compiler.py:1609
=========         Host Frame: __call__ in compiler.py:1446
=========         Host Frame: compile_probe in test_lpt_scheduler.py:144
=========         Host Frame: test_exhaustion_does_not_read_metadata in test_lpt_scheduler.py:248
=========         Host Frame: pytest_pyfunc_call in python.py:167
=========         Host Frame: _multicall in _callers.py:121
=========         Host Frame: _hookexec in _manager.py:120
=========         Host Frame: __call__ in _hooks.py:512
=========         Host Frame: runtest in python.py:1707
=========         Host Frame: pytest_runtest_call in runner.py:184
=========         Host Frame: _multicall in _callers.py:121
=========         Host Frame: _hookexec in _manager.py:120
=========         Host Frame: __call__ in _hooks.py:512
=========         Host Frame: <lambda> in runner.py:250
=========         Host Frame: from_call in runner.py:361
=========         Host Frame: call_and_report in runner.py:249
=========         Host Frame: runtestprotocol in runner.py:139
=========         Host Frame: pytest_runtest_protocol in runner.py:118
=========         Host Frame: _multicall in _callers.py:121
=========         Host Frame: _hookexec in _manager.py:120
=========         Host Frame: __call__ in _hooks.py:512
=========         Host Frame: pytest_runtestloop in main.py:408
=========         Host Frame: _multicall in _callers.py:121
=========         Host Frame: _hookexec in _manager.py:120
=========         Host Frame: __call__ in _hooks.py:512
=========         Host Frame: _main in main.py:384
=========         Host Frame: wrap_session in main.py:330
=========         Host Frame: pytest_cmdline_main in main.py:377
=========         Host Frame: _multicall in _callers.py:121
=========         Host Frame: _hookexec in _manager.py:120
=========         Host Frame: __call__ in _hooks.py:512
=========         Host Frame: _main in __init__.py:229
=========         Host Frame: main in __init__.py:201
========= 
========= Program hit CUDA_ERROR_INVALID_VALUE (error 1) due to "invalid argument" on CUDA API call to cuGetProcAddress_v2.
=========     Saved host backtrace up to driver entry point at error
=========         Host Frame:  [0x10a00] in driver.cpython-312-x86_64-linux-gnu.so
=========         Host Frame:  [0x24d84] in driver.cpython-312-x86_64-linux-gnu.so
=========         Host Frame:  [0x150f9] in cydriver.cpython-312-x86_64-linux-gnu.so
=========         Host Frame:  [0x4ecd5d] in driver.cpython-312-x86_64-linux-gnu.so
=========         Host Frame: PyObject_Vectorcall in call.c:325 [0x214e0d] in python
=========         Host Frame: _PyEval_EvalFrameDefault in bytecodes.c:2715 [0x1ffb14] in python
=========         Host Frame: PyObject_CallOneArg in call.c:401 [0x22cd34] in python
=========         Host Frame: _PyObject_GenericGetAttrWithDict in object.c:1447 [0x21da35] in python
=========         Host Frame: PyObject_GetAttr in object.c:1060 [0x1f7e00] in python
=========         Host Frame: _PyEval_EvalFrameDefault in bytecodes.c:1802 [0x200556] in python
=========         Host Frame: _PyObject_VectorcallTstate.lto_priv.14 in pycore_call.h:92 [0x249612] in python
=========         Host Frame: method_vectorcall in classobject.c:61 [0x2491bd] in python
=========         Host Frame: _PyObject_Call in call.c:354 [0x231daa] in python
=========         Host Frame: _PyEval_EvalFrameDefault in bytecodes.c:3263 [0x203a55] in python
=========         Host Frame: _PyObject_VectorcallTstate.lto_priv.14 in pycore_call.h:92 [0x249612] in python
=========         Host Frame: method_vectorcall in classobject.c:61 [0x2491bd] in python
=========         Host Frame: _PyObject_Call in call.c:354 [0x231daa] in python
=========         Host Frame: _PyEval_EvalFrameDefault in bytecodes.c:3263 [0x203a55] in python
=========         Host Frame: _PyObject_VectorcallTstate.lto_priv.14 in pycore_call.h:92 [0x249612] in python
=========         Host Frame: method_vectorcall in classobject.c:61 [0x2491bd] in python
=========         Host Frame: _PyObject_Call in call.c:354 [0x231daa] in python
=========         Host Frame: _PyEval_EvalFrameDefault in bytecodes.c:3263 [0x203a55] in python
=========         Host Frame: _PyObject_VectorcallTstate.lto_priv.14 in pycore_call.h:92 [0x249612] in python
=========         Host Frame: method_vectorcall in classobject.c:61 [0x2491bd] in python
=========         Host Frame: _PyObject_Call in call.c:354 [0x231daa] in python
=========         Host Frame: _PyEval_EvalFrameDefault in bytecodes.c:3263 [0x203a55] in python
=========         Host Frame: _PyObject_FastCallDictTstate in call.c:144 [0x1f8592] in python
=========         Host Frame: _PyObject_Call_Prepend in call.c:508 [0x22f2e6] in python
=========         Host Frame: slot_tp_call in typeobject.c:8791 [0x300ed8] in python
=========         Host Frame: _PyObject_MakeTpCall in call.c:240 [0x1f586a] in python
=========         Host Frame: _PyEval_EvalFrameDefault in bytecodes.c:2715 [0x1ffb14] in python
=========         Host Frame: infinite_lru_cache_wrapper in _functoolsmodule.c:918 [0x342560] in python
=========         Host Frame: _PyObject_MakeTpCall in call.c:240 [0x1f586a] in python
=========         Host Frame: _PyEval_EvalFrameDefault in bytecodes.c:2715 [0x1ffb14] in python
=========         Host Frame: _PyObject_FastCallDictTstate in call.c:144 [0x1f8592] in python
=========         Host Frame: _PyObject_Call_Prepend in call.c:508 [0x22f266] in python
=========         Host Frame: slot_tp_call in typeobject.c:8791 [0x300ed8] in python
=========         Host Frame: _PyObject_MakeTpCall in call.c:240 [0x1f586a] in python
=========         Host Frame: _PyEval_EvalFrameDefault in bytecodes.c:2715 [0x1ffb14] in python
=========         Host Frame: _PyObject_FastCallDictTstate in call.c:144 [0x1f8592] in python
=========         Host Frame: _PyObject_Call_Prepend in call.c:508 [0x22f266] in python
=========         Host Frame: slot_tp_call in typeobject.c:8791 [0x300ed8] in python
=========         Host Frame: _PyObject_Call in call.c:367 [0x231d34] in python
=========         Host Frame: _PyEval_EvalFrameDefault in bytecodes.c:3263 [0x203a55] in python
=========         Host Frame: _PyObject_FastCallDictTstate in call.c:144 [0x1f8592] in python
=========         Host Frame: _PyObject_Call_Prepend in call.c:508 [0x22f266] in python
=========         Host Frame: slot_tp_call in typeobject.c:8791 [0x300ed8] in python
=========         Host Frame: _PyObject_MakeTpCall in call.c:240 [0x1f586a] in python
=========         Host Frame: _PyEval_EvalFrameDefault in bytecodes.c:2715 [0x1ffb14] in python
=========         Host Frame: _PyObject_FastCallDictTstate in call.c:144 [0x1f8592] in python
=========         Host Frame: _PyObject_Call_Prepend in call.c:508 [0x22f266] in python
=========         Host Frame: slot_tp_call in typeobject.c:8791 [0x300ed8] in python
=========         Host Frame: _PyObject_MakeTpCall in call.c:240 [0x1f586a] in python
=========         Host Frame: _PyEval_EvalFrameDefault in bytecodes.c:2715 [0x1ffb14] in python
=========         Host Frame: _PyObject_FastCallDictTstate in call.c:144 [0x1f8592] in python
=========         Host Frame: _PyObject_Call_Prepend in call.c:508 [0x22f266] in python
=========         Host Frame: slot_tp_call in typeobject.c:8791 [0x300ed8] in python
=========         Host Frame: _PyObject_MakeTpCall in call.c:240 [0x1f586a] in python
=========         Host Frame: _PyEval_EvalFrameDefault in bytecodes.c:2715 [0x1ffb14] in python
=========         Host Frame: PyEval_EvalCode in ceval.c:580 [0x2b893c] in python
=========         Host Frame: run_eval_code_obj in pythonrun.c:1757 [0x2f4639] in python
=========         Host Frame: run_mod in pythonrun.c:1778 [0x2ef2a4] in python
=========         Host Frame: pyrun_file in pythonrun.c:1674 [0x2ec26f] in python
=========         Host Frame: _PyRun_SimpleFileObject in pythonrun.c:459 [0x2ebee5] in python
=========         Host Frame: _PyRun_AnyFileObject in pythonrun.c:78 [0x2ebcc3] in python
=========         Host Frame: Py_RunMain in main.c:714 [0x2e853d] in python
=========         Host Frame: Py_BytesMain in main.c:768 [0x2a0636] in python
=========         Host Frame:  [0x2a1c9] in libc.so.6
=========         Host Frame: __libc_start_main [0x2a28a] in libc.so.6
=========         Host Frame: _start [0x2a04ad] in python
=========         Host Frame: get_compute_capability_major_minor in cuda.py:163
=========         Host Frame: detect_gpu_arch in env_manager.py:234
=========         Host Frame: arch in env_manager.py:709
=========         Host Frame: apply_envar_settings in compiler.py:1063
=========         Host Frame: _prepare_compilation in dsl.py:2896
=========         Host Frame: _func_impl in dsl.py:2955
=========         Host Frame: _func in dsl.py:2938
=========         Host Frame: _compile in compiler.py:1609
=========         Host Frame: __call__ in compiler.py:1446
=========         Host Frame: compile_probe in test_lpt_scheduler.py:144
=========         Host Frame: test_exhaustion_does_not_read_metadata in test_lpt_scheduler.py:248
=========         Host Frame: pytest_pyfunc_call in python.py:167
=========         Host Frame: _multicall in _callers.py:121
=========         Host Frame: _hookexec in _manager.py:120
=========         Host Frame: __call__ in _hooks.py:512
=========         Host Frame: runtest in python.py:1707
=========         Host Frame: pytest_runtest_call in runner.py:184
=========         Host Frame: _multicall in _callers.py:121
=========         Host Frame: _hookexec in _manager.py:120
=========         Host Frame: __call__ in _hooks.py:512
=========         Host Frame: <lambda> in runner.py:250
=========         Host Frame: from_call in runner.py:361
=========         Host Frame: call_and_report in runner.py:249
=========         Host Frame: runtestprotocol in runner.py:139
=========         Host Frame: pytest_runtest_protocol in runner.py:118
=========         Host Frame: _multicall in _callers.py:121
=========         Host Frame: _hookexec in _manager.py:120
=========         Host Frame: __call__ in _hooks.py:512
=========         Host Frame: pytest_runtestloop in main.py:408
=========         Host Frame: _multicall in _callers.py:121
=========         Host Frame: _hookexec in _manager.py:120
=========         Host Frame: __call__ in _hooks.py:512
=========         Host Frame: _main in main.py:384
=========         Host Frame: wrap_session in main.py:330
=========         Host Frame: pytest_cmdline_main in main.py:377
=========         Host Frame: _multicall in _callers.py:121
=========         Host Frame: _hookexec in _manager.py:120
=========         Host Frame: __call__ in _hooks.py:512
=========         Host Frame: _main in __init__.py:229
=========         Host Frame: main in __init__.py:201
========= 
========= Program hit CUDA_ERROR_INVALID_VALUE (error 1) due to "invalid argument" on CUDA API call to cuGetProcAddress_v2.
=========     Saved host backtrace up to driver entry point at error
=========         Host Frame:  [0x10a26] in driver.cpython-312-x86_64-linux-gnu.so
=========         Host Frame:  [0x24d84] in driver.cpython-312-x86_64-linux-gnu.so
=========         Host Frame:  [0x150f9] in cydriver.cpython-312-x86_64-linux-gnu.so
=========         Host Frame:  [0x4ecd5d] in driver.cpython-312-x86_64-linux-gnu.so
=========         Host Frame: PyObject_Vectorcall in call.c:325 [0x214e0d] in python
=========         Host Frame: _PyEval_EvalFrameDefault in bytecodes.c:2715 [0x1ffb14] in python
=========         Host Frame: PyObject_CallOneArg in call.c:401 [0x22cd34] in python
=========         Host Frame: _PyObject_GenericGetAttrWithDict in object.c:1447 [0x21da35] in python
=========         Host Frame: PyObject_GetAttr in object.c:1060 [0x1f7e00] in python
=========         Host Frame: _PyEval_EvalFrameDefault in bytecodes.c:1802 [0x200556] in python
=========         Host Frame: _PyObject_VectorcallTstate.lto_priv.14 in pycore_call.h:92 [0x249612] in python
=========         Host Frame: method_vectorcall in classobject.c:61 [0x2491bd] in python
=========         Host Frame: _PyObject_Call in call.c:354 [0x231daa] in python
=========         Host Frame: _PyEval_EvalFrameDefault in bytecodes.c:3263 [0x203a55] in python
=========         Host Frame: _PyObject_VectorcallTstate.lto_priv.14 in pycore_call.h:92 [0x249612] in python
=========         Host Frame: method_vectorcall in classobject.c:61 [0x2491bd] in python
=========         Host Frame: _PyObject_Call in call.c:354 [0x231daa] in python
=========         Host Frame: _PyEval_EvalFrameDefault in bytecodes.c:3263 [0x203a55] in python
=========         Host Frame: _PyObject_VectorcallTstate.lto_priv.14 in pycore_call.h:92 [0x249612] in python
=========         Host Frame: method_vectorcall in classobject.c:61 [0x2491bd] in python
=========         Host Frame: _PyObject_Call in call.c:354 [0x231daa] in python
=========         Host Frame: _PyEval_EvalFrameDefault in bytecodes.c:3263 [0x203a55] in python
=========         Host Frame: _PyObject_VectorcallTstate.lto_priv.14 in pycore_call.h:92 [0x249612] in python
=========         Host Frame: method_vectorcall in classobject.c:61 [0x2491bd] in python
=========         Host Frame: _PyObject_Call in call.c:354 [0x231daa] in python
=========         Host Frame: _PyEval_EvalFrameDefault in bytecodes.c:3263 [0x203a55] in python
=========         Host Frame: _PyObject_FastCallDictTstate in call.c:144 [0x1f8592] in python
=========         Host Frame: _PyObject_Call_Prepend in call.c:508 [0x22f2e6] in python
=========         Host Frame: slot_tp_call in typeobject.c:8791 [0x300ed8] in python
=========         Host Frame: _PyObject_MakeTpCall in call.c:240 [0x1f586a] in python
=========         Host Frame: _PyEval_EvalFrameDefault in bytecodes.c:2715 [0x1ffb14] in python
=========         Host Frame: infinite_lru_cache_wrapper in _functoolsmodule.c:918 [0x342560] in python
=========         Host Frame: _PyObject_MakeTpCall in call.c:240 [0x1f586a] in python
=========         Host Frame: _PyEval_EvalFrameDefault in bytecodes.c:2715 [0x1ffb14] in python
=========         Host Frame: _PyObject_FastCallDictTstate in call.c:144 [0x1f8592] in python
=========         Host Frame: _PyObject_Call_Prepend in call.c:508 [0x22f266] in python
=========         Host Frame: slot_tp_call in typeobject.c:8791 [0x300ed8] in python
=========         Host Frame: _PyObject_MakeTpCall in call.c:240 [0x1f586a] in python
=========         Host Frame: _PyEval_EvalFrameDefault in bytecodes.c:2715 [0x1ffb14] in python
=========         Host Frame: _PyObject_FastCallDictTstate in call.c:144 [0x1f8592] in python
=========         Host Frame: _PyObject_Call_Prepend in call.c:508 [0x22f266] in python
=========         Host Frame: slot_tp_call in typeobject.c:8791 [0x300ed8] in python
=========         Host Frame: _PyObject_Call in call.c:367 [0x231d34] in python
=========         Host Frame: _PyEval_EvalFrameDefault in bytecodes.c:3263 [0x203a55] in python
=========         Host Frame: _PyObject_FastCallDictTstate in call.c:144 [0x1f8592] in python
=========         Host Frame: _PyObject_Call_Prepend in call.c:508 [0x22f266] in python
=========         Host Frame: slot_tp_call in typeobject.c:8791 [0x300ed8] in python
=========         Host Frame: _PyObject_MakeTpCall in call.c:240 [0x1f586a] in python
=========         Host Frame: _PyEval_EvalFrameDefault in bytecodes.c:2715 [0x1ffb14] in python
=========         Host Frame: _PyObject_FastCallDictTstate in call.c:144 [0x1f8592] in python
=========         Host Frame: _PyObject_Call_Prepend in call.c:508 [0x22f266] in python
=========         Host Frame: slot_tp_call in typeobject.c:8791 [0x300ed8] in python
=========         Host Frame: _PyObject_MakeTpCall in call.c:240 [0x1f586a] in python
=========         Host Frame: _PyEval_EvalFrameDefault in bytecodes.c:2715 [0x1ffb14] in python
=========         Host Frame: _PyObject_FastCallDictTstate in call.c:144 [0x1f8592] in python
=========         Host Frame: _PyObject_Call_Prepend in call.c:508 [0x22f266] in python
=========         Host Frame: slot_tp_call in typeobject.c:8791 [0x300ed8] in python
=========         Host Frame: _PyObject_MakeTpCall in call.c:240 [0x1f586a] in python
=========         Host Frame: _PyEval_EvalFrameDefault in bytecodes.c:2715 [0x1ffb14] in python
=========         Host Frame: PyEval_EvalCode in ceval.c:580 [0x2b893c] in python
=========         Host Frame: run_eval_code_obj in pythonrun.c:1757 [0x2f4639] in python
=========         Host Frame: run_mod in pythonrun.c:1778 [0x2ef2a4] in python
=========         Host Frame: pyrun_file in pythonrun.c:1674 [0x2ec26f] in python
=========         Host Frame: _PyRun_SimpleFileObject in pythonrun.c:459 [0x2ebee5] in python
=========         Host Frame: _PyRun_AnyFileObject in pythonrun.c:78 [0x2ebcc3] in python
=========         Host Frame: Py_RunMain in main.c:714 [0x2e853d] in python
=========         Host Frame: Py_BytesMain in main.c:768 [0x2a0636] in python
=========         Host Frame:  [0x2a1c9] in libc.so.6
=========         Host Frame: __libc_start_main [0x2a28a] in libc.so.6
=========         Host Frame: _start [0x2a04ad] in python
=========         Host Frame: get_compute_capability_major_minor in cuda.py:163
=========         Host Frame: detect_gpu_arch in env_manager.py:234
=========         Host Frame: arch in env_manager.py:709
=========         Host Frame: apply_envar_settings in compiler.py:1063
=========         Host Frame: _prepare_compilation in dsl.py:2896
=========         Host Frame: _func_impl in dsl.py:2955
=========         Host Frame: _func in dsl.py:2938
=========         Host Frame: _compile in compiler.py:1609
=========         Host Frame: __call__ in compiler.py:1446
=========         Host Frame: compile_probe in test_lpt_scheduler.py:144
=========         Host Frame: test_exhaustion_does_not_read_metadata in test_lpt_scheduler.py:248
=========         Host Frame: pytest_pyfunc_call in python.py:167
=========         Host Frame: _multicall in _callers.py:121
=========         Host Frame: _hookexec in _manager.py:120
=========         Host Frame: __call__ in _hooks.py:512
=========         Host Frame: runtest in python.py:1707
=========         Host Frame: pytest_runtest_call in runner.py:184
=========         Host Frame: _multicall in _callers.py:121
=========         Host Frame: _hookexec in _manager.py:120
=========         Host Frame: __call__ in _hooks.py:512
=========         Host Frame: <lambda> in runner.py:250
=========         Host Frame: from_call in runner.py:361
=========         Host Frame: call_and_report in runner.py:249
=========         Host Frame: runtestprotocol in runner.py:139
=========         Host Frame: pytest_runtest_protocol in runner.py:118
=========         Host Frame: _multicall in _callers.py:121
=========         Host Frame: _hookexec in _manager.py:120
=========         Host Frame: __call__ in _hooks.py:512
=========         Host Frame: pytest_runtestloop in main.py:408
=========         Host Frame: _multicall in _callers.py:121
=========         Host Frame: _hookexec in _manager.py:120
=========         Host Frame: __call__ in _hooks.py:512
=========         Host Frame: _main in main.py:384
=========         Host Frame: wrap_session in main.py:330
=========         Host Frame: pytest_cmdline_main in main.py:377
=========         Host Frame: _multicall in _callers.py:121
=========         Host Frame: _hookexec in _manager.py:120
=========         Host Frame: __call__ in _hooks.py:512
=========         Host Frame: _main in __init__.py:229
=========         Host Frame: main in __init__.py:201
========= 
========= Program hit CUDA_ERROR_INVALID_VALUE (error 1) due to "invalid argument" on CUDA API call to cuGetProcAddress_v2.
=========     Saved host backtrace up to driver entry point at error
=========         Host Frame:  [0x10a4c] in driver.cpython-312-x86_64-linux-gnu.so
=========         Host Frame:  [0x24d84] in driver.cpython-312-x86_64-linux-gnu.so
=========         Host Frame:  [0x150f9] in cydriver.cpython-312-x86_64-linux-gnu.so
=========         Host Frame:  [0x4ecd5d] in driver.cpython-312-x86_64-linux-gnu.so
=========         Host Frame: PyObject_Vectorcall in call.c:325 [0x214e0d] in python
=========         Host Frame: _PyEval_EvalFrameDefault in bytecodes.c:2715 [0x1ffb14] in python
=========         Host Frame: PyObject_CallOneArg in call.c:401 [0x22cd34] in python
=========         Host Frame: _PyObject_GenericGetAttrWithDict in object.c:1447 [0x21da35] in python
=========         Host Frame: PyObject_GetAttr in object.c:1060 [0x1f7e00] in python
=========         Host Frame: _PyEval_EvalFrameDefault in bytecodes.c:1802 [0x200556] in python
=========         Host Frame: _PyObject_VectorcallTstate.lto_priv.14 in pycore_call.h:92 [0x249612] in python
=========         Host Frame: method_vectorcall in classobject.c:61 [0x2491bd] in python
=========         Host Frame: _PyObject_Call in call.c:354 [0x231daa] in python
=========         Host Frame: _PyEval_EvalFrameDefault in bytecodes.c:3263 [0x203a55] in python
=========         Host Frame: _PyObject_VectorcallTstate.lto_priv.14 in pycore_call.h:92 [0x249612] in python
=========         Host Frame: method_vectorcall in classobject.c:61 [0x2491bd] in python
=========         Host Frame: _PyObject_Call in call.c:354 [0x231daa] in python
=========         Host Frame: _PyEval_EvalFrameDefault in bytecodes.c:3263 [0x203a55] in python
=========         Host Frame: _PyObject_VectorcallTstate.lto_priv.14 in pycore_call.h:92 [0x249612] in python
=========         Host Frame: method_vectorcall in classobject.c:61 [0x2491bd] in python
=========         Host Frame: _PyObject_Call in call.c:354 [0x231daa] in python
=========         Host Frame: _PyEval_EvalFrameDefault in bytecodes.c:3263 [0x203a55] in python
=========         Host Frame: _PyObject_VectorcallTstate.lto_priv.14 in pycore_call.h:92 [0x249612] in python
=========         Host Frame: method_vectorcall in classobject.c:61 [0x2491bd] in python
=========         Host Frame: _PyObject_Call in call.c:354 [0x231daa] in python
=========         Host Frame: _PyEval_EvalFrameDefault in bytecodes.c:3263 [0x203a55] in python
=========         Host Frame: _PyObject_FastCallDictTstate in call.c:144 [0x1f8592] in python
=========         Host Frame: _PyObject_Call_Prepend in call.c:508 [0x22f2e6] in python
=========         Host Frame: slot_tp_call in typeobject.c:8791 [0x300ed8] in python
=========         Host Frame: _PyObject_MakeTpCall in call.c:240 [0x1f586a] in python
=========         Host Frame: _PyEval_EvalFrameDefault in bytecodes.c:2715 [0x1ffb14] in python
=========         Host Frame: infinite_lru_cache_wrapper in _functoolsmodule.c:918 [0x342560] in python
=========         Host Frame: _PyObject_MakeTpCall in call.c:240 [0x1f586a] in python
=========         Host Frame: _PyEval_EvalFrameDefault in bytecodes.c:2715 [0x1ffb14] in python
=========         Host Frame: _PyObject_FastCallDictTstate in call.c:144 [0x1f8592] in python
=========         Host Frame: _PyObject_Call_Prepend in call.c:508 [0x22f266] in python
=========         Host Frame: slot_tp_call in typeobject.c:8791 [0x300ed8] in python
=========         Host Frame: _PyObject_MakeTpCall in call.c:240 [0x1f586a] in python
=========         Host Frame: _PyEval_EvalFrameDefault in bytecodes.c:2715 [0x1ffb14] in python
=========         Host Frame: _PyObject_FastCallDictTstate in call.c:144 [0x1f8592] in python
=========         Host Frame: _PyObject_Call_Prepend in call.c:508 [0x22f266] in python
=========         Host Frame: slot_tp_call in typeobject.c:8791 [0x300ed8] in python
=========         Host Frame: _PyObject_Call in call.c:367 [0x231d34] in python
=========         Host Frame: _PyEval_EvalFrameDefault in bytecodes.c:3263 [0x203a55] in python
=========         Host Frame: _PyObject_FastCallDictTstate in call.c:144 [0x1f8592] in python
=========         Host Frame: _PyObject_Call_Prepend in call.c:508 [0x22f266] in python
=========         Host Frame: slot_tp_call in typeobject.c:8791 [0x300ed8] in python
=========         Host Frame: _PyObject_MakeTpCall in call.c:240 [0x1f586a] in python
=========         Host Frame: _PyEval_EvalFrameDefault in bytecodes.c:2715 [0x1ffb14] in python
=========         Host Frame: _PyObject_FastCallDictTstate in call.c:144 [0x1f8592] in python
=========         Host Frame: _PyObject_Call_Prepend in call.c:508 [0x22f266] in python
=========         Host Frame: slot_tp_call in typeobject.c:8791 [0x300ed8] in python
=========         Host Frame: _PyObject_MakeTpCall in call.c:240 [0x1f586a] in python
=========         Host Frame: _PyEval_EvalFrameDefault in bytecodes.c:2715 [0x1ffb14] in python
=========         Host Frame: _PyObject_FastCallDictTstate in call.c:144 [0x1f8592] in python
=========         Host Frame: _PyObject_Call_Prepend in call.c:508 [0x22f266] in python
=========         Host Frame: slot_tp_call in typeobject.c:8791 [0x300ed8] in python
=========         Host Frame: _PyObject_MakeTpCall in call.c:240 [0x1f586a] in python
=========         Host Frame: _PyEval_EvalFrameDefault in bytecodes.c:2715 [0x1ffb14] in python
=========         Host Frame: PyEval_EvalCode in ceval.c:580 [0x2b893c] in python
=========         Host Frame: run_eval_code_obj in pythonrun.c:1757 [0x2f4639] in python
=========         Host Frame: run_mod in pythonrun.c:1778 [0x2ef2a4] in python
=========         Host Frame: pyrun_file in pythonrun.c:1674 [0x2ec26f] in python
=========         Host Frame: _PyRun_SimpleFileObject in pythonrun.c:459 [0x2ebee5] in python
=========         Host Frame: _PyRun_AnyFileObject in pythonrun.c:78 [0x2ebcc3] in python
=========         Host Frame: Py_RunMain in main.c:714 [0x2e853d] in python
=========         Host Frame: Py_BytesMain in main.c:768 [0x2a0636] in python
=========         Host Frame:  [0x2a1c9] in libc.so.6
=========         Host Frame: __libc_start_main [0x2a28a] in libc.so.6
=========         Host Frame: _start [0x2a04ad] in python
=========         Host Frame: get_compute_capability_major_minor in cuda.py:163
=========         Host Frame: detect_gpu_arch in env_manager.py:234
=========         Host Frame: arch in env_manager.py:709
=========         Host Frame: apply_envar_settings in compiler.py:1063
=========         Host Frame: _prepare_compilation in dsl.py:2896
=========         Host Frame: _func_impl in dsl.py:2955
=========         Host Frame: _func in dsl.py:2938
=========         Host Frame: _compile in compiler.py:1609
=========         Host Frame: __call__ in compiler.py:1446
=========         Host Frame: compile_probe in test_lpt_scheduler.py:144
=========         Host Frame: test_exhaustion_does_not_read_metadata in test_lpt_scheduler.py:248
=========         Host Frame: pytest_pyfunc_call in python.py:167
=========         Host Frame: _multicall in _callers.py:121
=========         Host Frame: _hookexec in _manager.py:120
=========         Host Frame: __call__ in _hooks.py:512
=========         Host Frame: runtest in python.py:1707
=========         Host Frame: pytest_runtest_call in runner.py:184
=========         Host Frame: _multicall in _callers.py:121
=========         Host Frame: _hookexec in _manager.py:120
=========         Host Frame: __call__ in _hooks.py:512
=========         Host Frame: <lambda> in runner.py:250
=========         Host Frame: from_call in runner.py:361
=========         Host Frame: call_and_report in runner.py:249
=========         Host Frame: runtestprotocol in runner.py:139
=========         Host Frame: pytest_runtest_protocol in runner.py:118
=========         Host Frame: _multicall in _callers.py:121
=========         Host Frame: _hookexec in _manager.py:120
=========         Host Frame: __call__ in _hooks.py:512
=========         Host Frame: pytest_runtestloop in main.py:408
=========         Host Frame: _multicall in _callers.py:121
=========         Host Frame: _hookexec in _manager.py:120
=========         Host Frame: __call__ in _hooks.py:512
=========         Host Frame: _main in main.py:384
=========         Host Frame: wrap_session in main.py:330
=========         Host Frame: pytest_cmdline_main in main.py:377
=========         Host Frame: _multicall in _callers.py:121
=========         Host Frame: _hookexec in _manager.py:120
=========         Host Frame: __call__ in _hooks.py:512
=========         Host Frame: _main in __init__.py:229
=========         Host Frame: main in __init__.py:201
========= 
========= Program hit CUDA_ERROR_INVALID_VALUE (error 1) due to "invalid argument" on CUDA API call to cuGetProcAddress_v2.
=========     Saved host backtrace up to driver entry point at error
=========         Host Frame:  [0x10a72] in driver.cpython-312-x86_64-linux-gnu.so
=========         Host Frame:  [0x24d84] in driver.cpython-312-x86_64-linux-gnu.so
=========         Host Frame:  [0x150f9] in cydriver.cpython-312-x86_64-linux-gnu.so
=========         Host Frame:  [0x4ecd5d] in driver.cpython-312-x86_64-linux-gnu.so
=========         Host Frame: PyObject_Vectorcall in call.c:325 [0x214e0d] in python
=========         Host Frame: _PyEval_EvalFrameDefault in bytecodes.c:2715 [0x1ffb14] in python
=========         Host Frame: PyObject_CallOneArg in call.c:401 [0x22cd34] in python
=========         Host Frame: _PyObject_GenericGetAttrWithDict in object.c:1447 [0x21da35] in python
=========         Host Frame: PyObject_GetAttr in object.c:1060 [0x1f7e00] in python
=========         Host Frame: _PyEval_EvalFrameDefault in bytecodes.c:1802 [0x200556] in python
=========         Host Frame: _PyObject_VectorcallTstate.lto_priv.14 in pycore_call.h:92 [0x249612] in python
=========         Host Frame: method_vectorcall in classobject.c:61 [0x2491bd] in python
=========         Host Frame: _PyObject_Call in call.c:354 [0x231daa] in python
=========         Host Frame: _PyEval_EvalFrameDefault in bytecodes.c:3263 [0x203a55] in python
=========         Host Frame: _PyObject_VectorcallTstate.lto_priv.14 in pycore_call.h:92 [0x249612] in python
=========         Host Frame: method_vectorcall in classobject.c:61 [0x2491bd] in python
=========         Host Frame: _PyObject_Call in call.c:354 [0x231daa] in python
=========         Host Frame: _PyEval_EvalFrameDefault in bytecodes.c:3263 [0x203a55] in python
=========         Host Frame: _PyObject_VectorcallTstate.lto_priv.14 in pycore_call.h:92 [0x249612] in python
=========         Host Frame: method_vectorcall in classobject.c:61 [0x2491bd] in python
=========         Host Frame: _PyObject_Call in call.c:354 [0x231daa] in python
=========         Host Frame: _PyEval_EvalFrameDefault in bytecodes.c:3263 [0x203a55] in python
=========         Host Frame: _PyObject_VectorcallTstate.lto_priv.14 in pycore_call.h:92 [0x249612] in python
=========         Host Frame: method_vectorcall in classobject.c:61 [0x2491bd] in python
=========         Host Frame: _PyObject_Call in call.c:354 [0x231daa] in python
=========         Host Frame: _PyEval_EvalFrameDefault in bytecodes.c:3263 [0x203a55] in python
=========         Host Frame: _PyObject_FastCallDictTstate in call.c:144 [0x1f8592] in python
=========         Host Frame: _PyObject_Call_Prepend in call.c:508 [0x22f2e6] in python
=========         Host Frame: slot_tp_call in typeobject.c:8791 [0x300ed8] in python
=========         Host Frame: _PyObject_MakeTpCall in call.c:240 [0x1f586a] in python
=========         Host Frame: _PyEval_EvalFrameDefault in bytecodes.c:2715 [0x1ffb14] in python
=========         Host Frame: infinite_lru_cache_wrapper in _functoolsmodule.c:918 [0x342560] in python
=========         Host Frame: _PyObject_MakeTpCall in call.c:240 [0x1f586a] in python
=========         Host Frame: _PyEval_EvalFrameDefault in bytecodes.c:2715 [0x1ffb14] in python
=========         Host Frame: _PyObject_FastCallDictTstate in call.c:144 [0x1f8592] in python
=========         Host Frame: _PyObject_Call_Prepend in call.c:508 [0x22f266] in python
=========         Host Frame: slot_tp_call in typeobject.c:8791 [0x300ed8] in python
=========         Host Frame: _PyObject_MakeTpCall in call.c:240 [0x1f586a] in python
=========         Host Frame: _PyEval_EvalFrameDefault in bytecodes.c:2715 [0x1ffb14] in python
=========         Host Frame: _PyObject_FastCallDictTstate in call.c:144 [0x1f8592] in python
=========         Host Frame: _PyObject_Call_Prepend in call.c:508 [0x22f266] in python
=========         Host Frame: slot_tp_call in typeobject.c:8791 [0x300ed8] in python
=========         Host Frame: _PyObject_Call in call.c:367 [0x231d34] in python
=========         Host Frame: _PyEval_EvalFrameDefault in bytecodes.c:3263 [0x203a55] in python
=========         Host Frame: _PyObject_FastCallDictTstate in call.c:144 [0x1f8592] in python
=========         Host Frame: _PyObject_Call_Prepend in call.c:508 [0x22f266] in python
=========         Host Frame: slot_tp_call in typeobject.c:8791 [0x300ed8] in python
=========         Host Frame: _PyObject_MakeTpCall in call.c:240 [0x1f586a] in python
=========         Host Frame: _PyEval_EvalFrameDefault in bytecodes.c:2715 [0x1ffb14] in python
=========         Host Frame: _PyObject_FastCallDictTstate in call.c:144 [0x1f8592] in python
=========         Host Frame: _PyObject_Call_Prepend in call.c:508 [0x22f266] in python
=========         Host Frame: slot_tp_call in typeobject.c:8791 [0x300ed8] in python
=========         Host Frame: _PyObject_MakeTpCall in call.c:240 [0x1f586a] in python
=========         Host Frame: _PyEval_EvalFrameDefault in bytecodes.c:2715 [0x1ffb14] in python
=========         Host Frame: _PyObject_FastCallDictTstate in call.c:144 [0x1f8592] in python
=========         Host Frame: _PyObject_Call_Prepend in call.c:508 [0x22f266] in python
=========         Host Frame: slot_tp_call in typeobject.c:8791 [0x300ed8] in python
=========         Host Frame: _PyObject_MakeTpCall in call.c:240 [0x1f586a] in python
=========         Host Frame: _PyEval_EvalFrameDefault in bytecodes.c:2715 [0x1ffb14] in python
=========         Host Frame: PyEval_EvalCode in ceval.c:580 [0x2b893c] in python
=========         Host Frame: run_eval_code_obj in pythonrun.c:1757 [0x2f4639] in python
=========         Host Frame: run_mod in pythonrun.c:1778 [0x2ef2a4] in python
=========         Host Frame: pyrun_file in pythonrun.c:1674 [0x2ec26f] in python
=========         Host Frame: _PyRun_SimpleFileObject in pythonrun.c:459 [0x2ebee5] in python
=========         Host Frame: _PyRun_AnyFileObject in pythonrun.c:78 [0x2ebcc3] in python
=========         Host Frame: Py_RunMain in main.c:714 [0x2e853d] in python
=========         Host Frame: Py_BytesMain in main.c:768 [0x2a0636] in python
=========         Host Frame:  [0x2a1c9] in libc.so.6
=========         Host Frame: __libc_start_main [0x2a28a] in libc.so.6
=========         Host Frame: _start [0x2a04ad] in python
=========         Host Frame: get_compute_capability_major_minor in cuda.py:163
=========         Host Frame: detect_gpu_arch in env_manager.py:234
=========         Host Frame: arch in env_manager.py:709
=========         Host Frame: apply_envar_settings in compiler.py:1063
=========         Host Frame: _prepare_compilation in dsl.py:2896
=========         Host Frame: _func_impl in dsl.py:2955
=========         Host Frame: _func in dsl.py:2938
=========         Host Frame: _compile in compiler.py:1609
=========         Host Frame: __call__ in compiler.py:1446
=========         Host Frame: compile_probe in test_lpt_scheduler.py:144
=========         Host Frame: test_exhaustion_does_not_read_metadata in test_lpt_scheduler.py:248
=========         Host Frame: pytest_pyfunc_call in python.py:167
=========         Host Frame: _multicall in _callers.py:121
=========         Host Frame: _hookexec in _manager.py:120
=========         Host Frame: __call__ in _hooks.py:512
=========         Host Frame: runtest in python.py:1707
=========         Host Frame: pytest_runtest_call in runner.py:184
=========         Host Frame: _multicall in _callers.py:121
=========         Host Frame: _hookexec in _manager.py:120
=========         Host Frame: __call__ in _hooks.py:512
=========         Host Frame: <lambda> in runner.py:250
=========         Host Frame: from_call in runner.py:361
=========         Host Frame: call_and_report in runner.py:249
=========         Host Frame: runtestprotocol in runner.py:139
=========         Host Frame: pytest_runtest_protocol in runner.py:118
=========         Host Frame: _multicall in _callers.py:121
=========         Host Frame: _hookexec in _manager.py:120
=========         Host Frame: __call__ in _hooks.py:512
=========         Host Frame: pytest_runtestloop in main.py:408
=========         Host Frame: _multicall in _callers.py:121
=========         Host Frame: _hookexec in _manager.py:120
=========         Host Frame: __call__ in _hooks.py:512
=========         Host Frame: _main in main.py:384
=========         Host Frame: wrap_session in main.py:330
=========         Host Frame: pytest_cmdline_main in main.py:377
=========         Host Frame: _multicall in _callers.py:121
=========         Host Frame: _hookexec in _manager.py:120
=========         Host Frame: __call__ in _hooks.py:512
=========         Host Frame: _main in __init__.py:229
=========         Host Frame: main in __init__.py:201
========= 
========= Program hit CUDA_ERROR_INVALID_VALUE (error 1) due to "invalid argument" on CUDA API call to cuGetProcAddress_v2.
=========     Saved host backtrace up to driver entry point at error
=========         Host Frame:  [0x10a98] in driver.cpython-312-x86_64-linux-gnu.so
=========         Host Frame:  [0x24d84] in driver.cpython-312-x86_64-linux-gnu.so
=========         Host Frame:  [0x150f9] in cydriver.cpython-312-x86_64-linux-gnu.so
=========         Host Frame:  [0x4ecd5d] in driver.cpython-312-x86_64-linux-gnu.so
=========         Host Frame: PyObject_Vectorcall in call.c:325 [0x214e0d] in python
=========         Host Frame: _PyEval_EvalFrameDefault in bytecodes.c:2715 [0x1ffb14] in python
=========         Host Frame: PyObject_CallOneArg in call.c:401 [0x22cd34] in python
=========         Host Frame: _PyObject_GenericGetAttrWithDict in object.c:1447 [0x21da35] in python
=========         Host Frame: PyObject_GetAttr in object.c:1060 [0x1f7e00] in python
=========         Host Frame: _PyEval_EvalFrameDefault in bytecodes.c:1802 [0x200556] in python
=========         Host Frame: _PyObject_VectorcallTstate.lto_priv.14 in pycore_call.h:92 [0x249612] in python
=========         Host Frame: method_vectorcall in classobject.c:61 [0x2491bd] in python
=========         Host Frame: _PyObject_Call in call.c:354 [0x231daa] in python
=========         Host Frame: _PyEval_EvalFrameDefault in bytecodes.c:3263 [0x203a55] in python
=========         Host Frame: _PyObject_VectorcallTstate.lto_priv.14 in pycore_call.h:92 [0x249612] in python
=========         Host Frame: method_vectorcall in classobject.c:61 [0x2491bd] in python
=========         Host Frame: _PyObject_Call in call.c:354 [0x231daa] in python
=========         Host Frame: _PyEval_EvalFrameDefault in bytecodes.c:3263 [0x203a55] in python
=========         Host Frame: _PyObject_VectorcallTstate.lto_priv.14 in pycore_call.h:92 [0x249612] in python
=========         Host Frame: method_vectorcall in classobject.c:61 [0x2491bd] in python
=========         Host Frame: _PyObject_Call in call.c:354 [0x231daa] in python
=========         Host Frame: _PyEval_EvalFrameDefault in bytecodes.c:3263 [0x203a55] in python
=========         Host Frame: _PyObject_VectorcallTstate.lto_priv.14 in pycore_call.h:92 [0x249612] in python
=========         Host Frame: method_vectorcall in classobject.c:61 [0x2491bd] in python
=========         Host Frame: _PyObject_Call in call.c:354 [0x231daa] in python
=========         Host Frame: _PyEval_EvalFrameDefault in bytecodes.c:3263 [0x203a55] in python
=========         Host Frame: _PyObject_FastCallDictTstate in call.c:144 [0x1f8592] in python
=========         Host Frame: _PyObject_Call_Prepend in call.c:508 [0x22f2e6] in python
=========         Host Frame: slot_tp_call in typeobject.c:8791 [0x300ed8] in python
=========         Host Frame: _PyObject_MakeTpCall in call.c:240 [0x1f586a] in python
=========         Host Frame: _PyEval_EvalFrameDefault in bytecodes.c:2715 [0x1ffb14] in python
=========         Host Frame: infinite_lru_cache_wrapper in _functoolsmodule.c:918 [0x342560] in python
=========         Host Frame: _PyObject_MakeTpCall in call.c:240 [0x1f586a] in python
=========         Host Frame: _PyEval_EvalFrameDefault in bytecodes.c:2715 [0x1ffb14] in python
=========         Host Frame: _PyObject_FastCallDictTstate in call.c:144 [0x1f8592] in python
=========         Host Frame: _PyObject_Call_Prepend in call.c:508 [0x22f266] in python
=========         Host Frame: slot_tp_call in typeobject.c:8791 [0x300ed8] in python
=========         Host Frame: _PyObject_MakeTpCall in call.c:240 [0x1f586a] in python
=========         Host Frame: _PyEval_EvalFrameDefault in bytecodes.c:2715 [0x1ffb14] in python
=========         Host Frame: _PyObject_FastCallDictTstate in call.c:144 [0x1f8592] in python
=========         Host Frame: _PyObject_Call_Prepend in call.c:508 [0x22f266] in python
=========         Host Frame: slot_tp_call in typeobject.c:8791 [0x300ed8] in python
=========         Host Frame: _PyObject_Call in call.c:367 [0x231d34] in python
=========         Host Frame: _PyEval_EvalFrameDefault in bytecodes.c:3263 [0x203a55] in python
=========         Host Frame: _PyObject_FastCallDictTstate in call.c:144 [0x1f8592] in python
=========         Host Frame: _PyObject_Call_Prepend in call.c:508 [0x22f266] in python
=========         Host Frame: slot_tp_call in typeobject.c:8791 [0x300ed8] in python
=========         Host Frame: _PyObject_MakeTpCall in call.c:240 [0x1f586a] in python
=========         Host Frame: _PyEval_EvalFrameDefault in bytecodes.c:2715 [0x1ffb14] in python
=========         Host Frame: _PyObject_FastCallDictTstate in call.c:144 [0x1f8592] in python
=========         Host Frame: _PyObject_Call_Prepend in call.c:508 [0x22f266] in python
=========         Host Frame: slot_tp_call in typeobject.c:8791 [0x300ed8] in python
=========         Host Frame: _PyObject_MakeTpCall in call.c:240 [0x1f586a] in python
=========         Host Frame: _PyEval_EvalFrameDefault in bytecodes.c:2715 [0x1ffb14] in python
=========         Host Frame: _PyObject_FastCallDictTstate in call.c:144 [0x1f8592] in python
=========         Host Frame: _PyObject_Call_Prepend in call.c:508 [0x22f266] in python
=========         Host Frame: slot_tp_call in typeobject.c:8791 [0x300ed8] in python
=========         Host Frame: _PyObject_MakeTpCall in call.c:240 [0x1f586a] in python
=========         Host Frame: _PyEval_EvalFrameDefault in bytecodes.c:2715 [0x1ffb14] in python
=========         Host Frame: PyEval_EvalCode in ceval.c:580 [0x2b893c] in python
=========         Host Frame: run_eval_code_obj in pythonrun.c:1757 [0x2f4639] in python
=========         Host Frame: run_mod in pythonrun.c:1778 [0x2ef2a4] in python
=========         Host Frame: pyrun_file in pythonrun.c:1674 [0x2ec26f] in python
=========         Host Frame: _PyRun_SimpleFileObject in pythonrun.c:459 [0x2ebee5] in python
=========         Host Frame: _PyRun_AnyFileObject in pythonrun.c:78 [0x2ebcc3] in python
=========         Host Frame: Py_RunMain in main.c:714 [0x2e853d] in python
=========         Host Frame: Py_BytesMain in main.c:768 [0x2a0636] in python
=========         Host Frame:  [0x2a1c9] in libc.so.6
=========         Host Frame: __libc_start_main [0x2a28a] in libc.so.6
=========         Host Frame: _start [0x2a04ad] in python
=========         Host Frame: get_compute_capability_major_minor in cuda.py:163
=========         Host Frame: detect_gpu_arch in env_manager.py:234
=========         Host Frame: arch in env_manager.py:709
=========         Host Frame: apply_envar_settings in compiler.py:1063
=========         Host Frame: _prepare_compilation in dsl.py:2896
=========         Host Frame: _func_impl in dsl.py:2955
=========         Host Frame: _func in dsl.py:2938
=========         Host Frame: _compile in compiler.py:1609
=========         Host Frame: __call__ in compiler.py:1446
=========         Host Frame: compile_probe in test_lpt_scheduler.py:144
=========         Host Frame: test_exhaustion_does_not_read_metadata in test_lpt_scheduler.py:248
=========         Host Frame: pytest_pyfunc_call in python.py:167
=========         Host Frame: _multicall in _callers.py:121
=========         Host Frame: _hookexec in _manager.py:120
=========         Host Frame: __call__ in _hooks.py:512
=========         Host Frame: runtest in python.py:1707
=========         Host Frame: pytest_runtest_call in runner.py:184
=========         Host Frame: _multicall in _callers.py:121
=========         Host Frame: _hookexec in _manager.py:120
=========         Host Frame: __call__ in _hooks.py:512
=========         Host Frame: <lambda> in runner.py:250
=========         Host Frame: from_call in runner.py:361
=========         Host Frame: call_and_report in runner.py:249
=========         Host Frame: runtestprotocol in runner.py:139
=========         Host Frame: pytest_runtest_protocol in runner.py:118
=========         Host Frame: _multicall in _callers.py:121
=========         Host Frame: _hookexec in _manager.py:120
=========         Host Frame: __call__ in _hooks.py:512
=========         Host Frame: pytest_runtestloop in main.py:408
=========         Host Frame: _multicall in _callers.py:121
=========         Host Frame: _hookexec in _manager.py:120
=========         Host Frame: __call__ in _hooks.py:512
=========         Host Frame: _main in main.py:384
=========         Host Frame: wrap_session in main.py:330
=========         Host Frame: pytest_cmdline_main in main.py:377
=========         Host Frame: _multicall in _callers.py:121
=========         Host Frame: _hookexec in _manager.py:120
=========         Host Frame: __call__ in _hooks.py:512
=========         Host Frame: _main in __init__.py:229
=========         Host Frame: main in __init__.py:201
========= 
========= Program hit CUDA_ERROR_INVALID_VALUE (error 1) due to "invalid argument" on CUDA API call to cuGetProcAddress_v2.
=========     Saved host backtrace up to driver entry point at error
=========         Host Frame:  [0x10abe] in driver.cpython-312-x86_64-linux-gnu.so
=========         Host Frame:  [0x24d84] in driver.cpython-312-x86_64-linux-gnu.so
=========         Host Frame:  [0x150f9] in cydriver.cpython-312-x86_64-linux-gnu.so
=========         Host Frame:  [0x4ecd5d] in driver.cpython-312-x86_64-linux-gnu.so
=========         Host Frame: PyObject_Vectorcall in call.c:325 [0x214e0d] in python
=========         Host Frame: _PyEval_EvalFrameDefault in bytecodes.c:2715 [0x1ffb14] in python
=========         Host Frame: PyObject_CallOneArg in call.c:401 [0x22cd34] in python
=========         Host Frame: _PyObject_GenericGetAttrWithDict in object.c:1447 [0x21da35] in python
=========         Host Frame: PyObject_GetAttr in object.c:1060 [0x1f7e00] in python
=========         Host Frame: _PyEval_EvalFrameDefault in bytecodes.c:1802 [0x200556] in python
=========         Host Frame: _PyObject_VectorcallTstate.lto_priv.14 in pycore_call.h:92 [0x249612] in python
=========         Host Frame: method_vectorcall in classobject.c:61 [0x2491bd] in python
=========         Host Frame: _PyObject_Call in call.c:354 [0x231daa] in python
=========         Host Frame: _PyEval_EvalFrameDefault in bytecodes.c:3263 [0x203a55] in python
=========         Host Frame: _PyObject_VectorcallTstate.lto_priv.14 in pycore_call.h:92 [0x249612] in python
=========         Host Frame: method_vectorcall in classobject.c:61 [0x2491bd] in python
=========         Host Frame: _PyObject_Call in call.c:354 [0x231daa] in python
=========         Host Frame: _PyEval_EvalFrameDefault in bytecodes.c:3263 [0x203a55] in python
=========         Host Frame: _PyObject_VectorcallTstate.lto_priv.14 in pycore_call.h:92 [0x249612] in python
=========         Host Frame: method_vectorcall in classobject.c:61 [0x2491bd] in python
=========         Host Frame: _PyObject_Call in call.c:354 [0x231daa] in python
=========         Host Frame: _PyEval_EvalFrameDefault in bytecodes.c:3263 [0x203a55] in python
=========         Host Frame: _PyObject_VectorcallTstate.lto_priv.14 in pycore_call.h:92 [0x249612] in python
=========         Host Frame: method_vectorcall in classobject.c:61 [0x2491bd] in python
=========         Host Frame: _PyObject_Call in call.c:354 [0x231daa] in python
=========         Host Frame: _PyEval_EvalFrameDefault in bytecodes.c:3263 [0x203a55] in python
=========         Host Frame: _PyObject_FastCallDictTstate in call.c:144 [0x1f8592] in python
=========         Host Frame: _PyObject_Call_Prepend in call.c:508 [0x22f2e6] in python
=========         Host Frame: slot_tp_call in typeobject.c:8791 [0x300ed8] in python
=========         Host Frame: _PyObject_MakeTpCall in call.c:240 [0x1f586a] in python
=========         Host Frame: _PyEval_EvalFrameDefault in bytecodes.c:2715 [0x1ffb14] in python
=========         Host Frame: infinite_lru_cache_wrapper in _functoolsmodule.c:918 [0x342560] in python
=========         Host Frame: _PyObject_MakeTpCall in call.c:240 [0x1f586a] in python
=========         Host Frame: _PyEval_EvalFrameDefault in bytecodes.c:2715 [0x1ffb14] in python
=========         Host Frame: _PyObject_FastCallDictTstate in call.c:144 [0x1f8592] in python
=========         Host Frame: _PyObject_Call_Prepend in call.c:508 [0x22f266] in python
=========         Host Frame: slot_tp_call in typeobject.c:8791 [0x300ed8] in python
=========         Host Frame: _PyObject_MakeTpCall in call.c:240 [0x1f586a] in python
=========         Host Frame: _PyEval_EvalFrameDefault in bytecodes.c:2715 [0x1ffb14] in python
=========         Host Frame: _PyObject_FastCallDictTstate in call.c:144 [0x1f8592] in python
=========         Host Frame: _PyObject_Call_Prepend in call.c:508 [0x22f266] in python
=========         Host Frame: slot_tp_call in typeobject.c:8791 [0x300ed8] in python
=========         Host Frame: _PyObject_Call in call.c:367 [0x231d34] in python
=========         Host Frame: _PyEval_EvalFrameDefault in bytecodes.c:3263 [0x203a55] in python
=========         Host Frame: _PyObject_FastCallDictTstate in call.c:144 [0x1f8592] in python
=========         Host Frame: _PyObject_Call_Prepend in call.c:508 [0x22f266] in python
=========         Host Frame: slot_tp_call in typeobject.c:8791 [0x300ed8] in python
=========         Host Frame: _PyObject_MakeTpCall in call.c:240 [0x1f586a] in python
=========         Host Frame: _PyEval_EvalFrameDefault in bytecodes.c:2715 [0x1ffb14] in python
=========         Host Frame: _PyObject_FastCallDictTstate in call.c:144 [0x1f8592] in python
=========         Host Frame: _PyObject_Call_Prepend in call.c:508 [0x22f266] in python
=========         Host Frame: slot_tp_call in typeobject.c:8791 [0x300ed8] in python
=========         Host Frame: _PyObject_MakeTpCall in call.c:240 [0x1f586a] in python
=========         Host Frame: _PyEval_EvalFrameDefault in bytecodes.c:2715 [0x1ffb14] in python
=========         Host Frame: _PyObject_FastCallDictTstate in call.c:144 [0x1f8592] in python
=========         Host Frame: _PyObject_Call_Prepend in call.c:508 [0x22f266] in python
=========         Host Frame: slot_tp_call in typeobject.c:8791 [0x300ed8] in python
=========         Host Frame: _PyObject_MakeTpCall in call.c:240 [0x1f586a] in python
=========         Host Frame: _PyEval_EvalFrameDefault in bytecodes.c:2715 [0x1ffb14] in python
=========         Host Frame: PyEval_EvalCode in ceval.c:580 [0x2b893c] in python
=========         Host Frame: run_eval_code_obj in pythonrun.c:1757 [0x2f4639] in python
=========         Host Frame: run_mod in pythonrun.c:1778 [0x2ef2a4] in python
=========         Host Frame: pyrun_file in pythonrun.c:1674 [0x2ec26f] in python
=========         Host Frame: _PyRun_SimpleFileObject in pythonrun.c:459 [0x2ebee5] in python
=========         Host Frame: _PyRun_AnyFileObject in pythonrun.c:78 [0x2ebcc3] in python
=========         Host Frame: Py_RunMain in main.c:714 [0x2e853d] in python
=========         Host Frame: Py_BytesMain in main.c:768 [0x2a0636] in python
=========         Host Frame:  [0x2a1c9] in libc.so.6
=========         Host Frame: __libc_start_main [0x2a28a] in libc.so.6
=========         Host Frame: _start [0x2a04ad] in python
=========         Host Frame: get_compute_capability_major_minor in cuda.py:163
=========         Host Frame: detect_gpu_arch in env_manager.py:234
=========         Host Frame: arch in env_manager.py:709
=========         Host Frame: apply_envar_settings in compiler.py:1063
=========         Host Frame: _prepare_compilation in dsl.py:2896
=========         Host Frame: _func_impl in dsl.py:2955
=========         Host Frame: _func in dsl.py:2938
=========         Host Frame: _compile in compiler.py:1609
=========         Host Frame: __call__ in compiler.py:1446
=========         Host Frame: compile_probe in test_lpt_scheduler.py:144
=========         Host Frame: test_exhaustion_does_not_read_metadata in test_lpt_scheduler.py:248
=========         Host Frame: pytest_pyfunc_call in python.py:167
=========         Host Frame: _multicall in _callers.py:121
=========         Host Frame: _hookexec in _manager.py:120
=========         Host Frame: __call__ in _hooks.py:512
=========         Host Frame: runtest in python.py:1707
=========         Host Frame: pytest_runtest_call in runner.py:184
=========         Host Frame: _multicall in _callers.py:121
=========         Host Frame: _hookexec in _manager.py:120
=========         Host Frame: __call__ in _hooks.py:512
=========         Host Frame: <lambda> in runner.py:250
=========         Host Frame: from_call in runner.py:361
=========         Host Frame: call_and_report in runner.py:249
=========         Host Frame: runtestprotocol in runner.py:139
=========         Host Frame: pytest_runtest_protocol in runner.py:118
=========         Host Frame: _multicall in _callers.py:121
=========         Host Frame: _hookexec in _manager.py:120
=========         Host Frame: __call__ in _hooks.py:512
=========         Host Frame: pytest_runtestloop in main.py:408
=========         Host Frame: _multicall in _callers.py:121
=========         Host Frame: _hookexec in _manager.py:120
=========         Host Frame: __call__ in _hooks.py:512
=========         Host Frame: _main in main.py:384
=========         Host Frame: wrap_session in main.py:330
=========         Host Frame: pytest_cmdline_main in main.py:377
=========         Host Frame: _multicall in _callers.py:121
=========         Host Frame: _hookexec in _manager.py:120
=========         Host Frame: __call__ in _hooks.py:512
=========         Host Frame: _main in __init__.py:229
=========         Host Frame: main in __init__.py:201
========= 
========= Program hit CUDA_ERROR_INVALID_VALUE (error 1) due to "invalid argument" on CUDA API call to cuGetProcAddress_v2.
=========     Saved host backtrace up to driver entry point at error
=========         Host Frame:  [0x10ae4] in driver.cpython-312-x86_64-linux-gnu.so
=========         Host Frame:  [0x24d84] in driver.cpython-312-x86_64-linux-gnu.so
=========         Host Frame:  [0x150f9] in cydriver.cpython-312-x86_64-linux-gnu.so
=========         Host Frame:  [0x4ecd5d] in driver.cpython-312-x86_64-linux-gnu.so
=========         Host Frame: PyObject_Vectorcall in call.c:325 [0x214e0d] in python
=========         Host Frame: _PyEval_EvalFrameDefault in bytecodes.c:2715 [0x1ffb14] in python
=========         Host Frame: PyObject_CallOneArg in call.c:401 [0x22cd34] in python
=========         Host Frame: _PyObject_GenericGetAttrWithDict in object.c:1447 [0x21da35] in python
=========         Host Frame: PyObject_GetAttr in object.c:1060 [0x1f7e00] in python
=========         Host Frame: _PyEval_EvalFrameDefault in bytecodes.c:1802 [0x200556] in python
=========         Host Frame: _PyObject_VectorcallTstate.lto_priv.14 in pycore_call.h:92 [0x249612] in python
=========         Host Frame: method_vectorcall in classobject.c:61 [0x2491bd] in python
=========         Host Frame: _PyObject_Call in call.c:354 [0x231daa] in python
=========         Host Frame: _PyEval_EvalFrameDefault in bytecodes.c:3263 [0x203a55] in python
=========         Host Frame: _PyObject_VectorcallTstate.lto_priv.14 in pycore_call.h:92 [0x249612] in python
=========         Host Frame: method_vectorcall in classobject.c:61 [0x2491bd] in python
=========         Host Frame: _PyObject_Call in call.c:354 [0x231daa] in python
=========         Host Frame: _PyEval_EvalFrameDefault in bytecodes.c:3263 [0x203a55] in python
=========         Host Frame: _PyObject_VectorcallTstate.lto_priv.14 in pycore_call.h:92 [0x249612] in python
=========         Host Frame: method_vectorcall in classobject.c:61 [0x2491bd] in python
=========         Host Frame: _PyObject_Call in call.c:354 [0x231daa] in python
=========         Host Frame: _PyEval_EvalFrameDefault in bytecodes.c:3263 [0x203a55] in python
=========         Host Frame: _PyObject_VectorcallTstate.lto_priv.14 in pycore_call.h:92 [0x249612] in python
=========         Host Frame: method_vectorcall in classobject.c:61 [0x2491bd] in python
=========         Host Frame: _PyObject_Call in call.c:354 [0x231daa] in python
=========         Host Frame: _PyEval_EvalFrameDefault in bytecodes.c:3263 [0x203a55] in python
=========         Host Frame: _PyObject_FastCallDictTstate in call.c:144 [0x1f8592] in python
=========         Host Frame: _PyObject_Call_Prepend in call.c:508 [0x22f2e6] in python
=========         Host Frame: slot_tp_call in typeobject.c:8791 [0x300ed8] in python
=========         Host Frame: _PyObject_MakeTpCall in call.c:240 [0x1f586a] in python
=========         Host Frame: _PyEval_EvalFrameDefault in bytecodes.c:2715 [0x1ffb14] in python
=========         Host Frame: infinite_lru_cache_wrapper in _functoolsmodule.c:918 [0x342560] in python
=========         Host Frame: _PyObject_MakeTpCall in call.c:240 [0x1f586a] in python
=========         Host Frame: _PyEval_EvalFrameDefault in bytecodes.c:2715 [0x1ffb14] in python
=========         Host Frame: _PyObject_FastCallDictTstate in call.c:144 [0x1f8592] in python
=========         Host Frame: _PyObject_Call_Prepend in call.c:508 [0x22f266] in python
=========         Host Frame: slot_tp_call in typeobject.c:8791 [0x300ed8] in python
=========         Host Frame: _PyObject_MakeTpCall in call.c:240 [0x1f586a] in python
=========         Host Frame: _PyEval_EvalFrameDefault in bytecodes.c:2715 [0x1ffb14] in python
=========         Host Frame: _PyObject_FastCallDictTstate in call.c:144 [0x1f8592] in python
=========         Host Frame: _PyObject_Call_Prepend in call.c:508 [0x22f266] in python
=========         Host Frame: slot_tp_call in typeobject.c:8791 [0x300ed8] in python
=========         Host Frame: _PyObject_Call in call.c:367 [0x231d34] in python
=========         Host Frame: _PyEval_EvalFrameDefault in bytecodes.c:3263 [0x203a55] in python
=========         Host Frame: _PyObject_FastCallDictTstate in call.c:144 [0x1f8592] in python
=========         Host Frame: _PyObject_Call_Prepend in call.c:508 [0x22f266] in python
=========         Host Frame: slot_tp_call in typeobject.c:8791 [0x300ed8] in python
=========         Host Frame: _PyObject_MakeTpCall in call.c:240 [0x1f586a] in python
=========         Host Frame: _PyEval_EvalFrameDefault in bytecodes.c:2715 [0x1ffb14] in python
=========         Host Frame: _PyObject_FastCallDictTstate in call.c:144 [0x1f8592] in python
=========         Host Frame: _PyObject_Call_Prepend in call.c:508 [0x22f266] in python
=========         Host Frame: slot_tp_call in typeobject.c:8791 [0x300ed8] in python
=========         Host Frame: _PyObject_MakeTpCall in call.c:240 [0x1f586a] in python
=========         Host Frame: _PyEval_EvalFrameDefault in bytecodes.c:2715 [0x1ffb14] in python
=========         Host Frame: _PyObject_FastCallDictTstate in call.c:144 [0x1f8592] in python
=========         Host Frame: _PyObject_Call_Prepend in call.c:508 [0x22f266] in python
=========         Host Frame: slot_tp_call in typeobject.c:8791 [0x300ed8] in python
=========         Host Frame: _PyObject_MakeTpCall in call.c:240 [0x1f586a] in python
=========         Host Frame: _PyEval_EvalFrameDefault in bytecodes.c:2715 [0x1ffb14] in python
=========         Host Frame: PyEval_EvalCode in ceval.c:580 [0x2b893c] in python
=========         Host Frame: run_eval_code_obj in pythonrun.c:1757 [0x2f4639] in python
=========         Host Frame: run_mod in pythonrun.c:1778 [0x2ef2a4] in python
=========         Host Frame: pyrun_file in pythonrun.c:1674 [0x2ec26f] in python
=========         Host Frame: _PyRun_SimpleFileObject in pythonrun.c:459 [0x2ebee5] in python
=========         Host Frame: _PyRun_AnyFileObject in pythonrun.c:78 [0x2ebcc3] in python
=========         Host Frame: Py_RunMain in main.c:714 [0x2e853d] in python
=========         Host Frame: Py_BytesMain in main.c:768 [0x2a0636] in python
=========         Host Frame:  [0x2a1c9] in libc.so.6
=========         Host Frame: __libc_start_main [0x2a28a] in libc.so.6
=========         Host Frame: _start [0x2a04ad] in python
=========         Host Frame: get_compute_capability_major_minor in cuda.py:163
=========         Host Frame: detect_gpu_arch in env_manager.py:234
=========         Host Frame: arch in env_manager.py:709
=========         Host Frame: apply_envar_settings in compiler.py:1063
=========         Host Frame: _prepare_compilation in dsl.py:2896
=========         Host Frame: _func_impl in dsl.py:2955
=========         Host Frame: _func in dsl.py:2938
=========         Host Frame: _compile in compiler.py:1609
=========         Host Frame: __call__ in compiler.py:1446
=========         Host Frame: compile_probe in test_lpt_scheduler.py:144
=========         Host Frame: test_exhaustion_does_not_read_metadata in test_lpt_scheduler.py:248
=========         Host Frame: pytest_pyfunc_call in python.py:167
=========         Host Frame: _multicall in _callers.py:121
=========         Host Frame: _hookexec in _manager.py:120
=========         Host Frame: __call__ in _hooks.py:512
=========         Host Frame: runtest in python.py:1707
=========         Host Frame: pytest_runtest_call in runner.py:184
=========         Host Frame: _multicall in _callers.py:121
=========         Host Frame: _hookexec in _manager.py:120
=========         Host Frame: __call__ in _hooks.py:512
=========         Host Frame: <lambda> in runner.py:250
=========         Host Frame: from_call in runner.py:361
=========         Host Frame: call_and_report in runner.py:249
=========         Host Frame: runtestprotocol in runner.py:139
=========         Host Frame: pytest_runtest_protocol in runner.py:118
=========         Host Frame: _multicall in _callers.py:121
=========         Host Frame: _hookexec in _manager.py:120
=========         Host Frame: __call__ in _hooks.py:512
=========         Host Frame: pytest_runtestloop in main.py:408
=========         Host Frame: _multicall in _callers.py:121
=========         Host Frame: _hookexec in _manager.py:120
=========         Host Frame: __call__ in _hooks.py:512
=========         Host Frame: _main in main.py:384
=========         Host Frame: wrap_session in main.py:330
=========         Host Frame: pytest_cmdline_main in main.py:377
=========         Host Frame: _multicall in _callers.py:121
=========         Host Frame: _hookexec in _manager.py:120
=========         Host Frame: __call__ in _hooks.py:512
=========         Host Frame: _main in __init__.py:229
=========         Host Frame: main in __init__.py:201
========= 
========= Program hit CUDA_ERROR_INVALID_VALUE (error 1) due to "invalid argument" on CUDA API call to cuGetProcAddress_v2.
=========     Saved host backtrace up to driver entry point at error
=========         Host Frame:  [0x10b0a] in driver.cpython-312-x86_64-linux-gnu.so
=========         Host Frame:  [0x24d84] in driver.cpython-312-x86_64-linux-gnu.so
=========         Host Frame:  [0x150f9] in cydriver.cpython-312-x86_64-linux-gnu.so
=========         Host Frame:  [0x4ecd5d] in driver.cpython-312-x86_64-linux-gnu.so
=========         Host Frame: PyObject_Vectorcall in call.c:325 [0x214e0d] in python
=========         Host Frame: _PyEval_EvalFrameDefault in bytecodes.c:2715 [0x1ffb14] in python
=========         Host Frame: PyObject_CallOneArg in call.c:401 [0x22cd34] in python
=========         Host Frame: _PyObject_GenericGetAttrWithDict in object.c:1447 [0x21da35] in python
=========         Host Frame: PyObject_GetAttr in object.c:1060 [0x1f7e00] in python
=========         Host Frame: _PyEval_EvalFrameDefault in bytecodes.c:1802 [0x200556] in python
=========         Host Frame: _PyObject_VectorcallTstate.lto_priv.14 in pycore_call.h:92 [0x249612] in python
=========         Host Frame: method_vectorcall in classobject.c:61 [0x2491bd] in python
=========         Host Frame: _PyObject_Call in call.c:354 [0x231daa] in python
=========         Host Frame: _PyEval_EvalFrameDefault in bytecodes.c:3263 [0x203a55] in python
=========         Host Frame: _PyObject_VectorcallTstate.lto_priv.14 in pycore_call.h:92 [0x249612] in python
=========         Host Frame: method_vectorcall in classobject.c:61 [0x2491bd] in python
=========         Host Frame: _PyObject_Call in call.c:354 [0x231daa] in python
=========         Host Frame: _PyEval_EvalFrameDefault in bytecodes.c:3263 [0x203a55] in python
=========         Host Frame: _PyObject_VectorcallTstate.lto_priv.14 in pycore_call.h:92 [0x249612] in python
=========         Host Frame: method_vectorcall in classobject.c:61 [0x2491bd] in python
=========         Host Frame: _PyObject_Call in call.c:354 [0x231daa] in python
=========         Host Frame: _PyEval_EvalFrameDefault in bytecodes.c:3263 [0x203a55] in python
=========         Host Frame: _PyObject_VectorcallTstate.lto_priv.14 in pycore_call.h:92 [0x249612] in python
=========         Host Frame: method_vectorcall in classobject.c:61 [0x2491bd] in python
=========         Host Frame: _PyObject_Call in call.c:354 [0x231daa] in python
=========         Host Frame: _PyEval_EvalFrameDefault in bytecodes.c:3263 [0x203a55] in python
=========         Host Frame: _PyObject_FastCallDictTstate in call.c:144 [0x1f8592] in python
=========         Host Frame: _PyObject_Call_Prepend in call.c:508 [0x22f2e6] in python
=========         Host Frame: slot_tp_call in typeobject.c:8791 [0x300ed8] in python
=========         Host Frame: _PyObject_MakeTpCall in call.c:240 [0x1f586a] in python
=========         Host Frame: _PyEval_EvalFrameDefault in bytecodes.c:2715 [0x1ffb14] in python
=========         Host Frame: infinite_lru_cache_wrapper in _functoolsmodule.c:918 [0x342560] in python
=========         Host Frame: _PyObject_MakeTpCall in call.c:240 [0x1f586a] in python
=========         Host Frame: _PyEval_EvalFrameDefault in bytecodes.c:2715 [0x1ffb14] in python
=========         Host Frame: _PyObject_FastCallDictTstate in call.c:144 [0x1f8592] in python
=========         Host Frame: _PyObject_Call_Prepend in call.c:508 [0x22f266] in python
=========         Host Frame: slot_tp_call in typeobject.c:8791 [0x300ed8] in python
=========         Host Frame: _PyObject_MakeTpCall in call.c:240 [0x1f586a] in python
=========         Host Frame: _PyEval_EvalFrameDefault in bytecodes.c:2715 [0x1ffb14] in python
=========         Host Frame: _PyObject_FastCallDictTstate in call.c:144 [0x1f8592] in python
=========         Host Frame: _PyObject_Call_Prepend in call.c:508 [0x22f266] in python
=========         Host Frame: slot_tp_call in typeobject.c:8791 [0x300ed8] in python
=========         Host Frame: _PyObject_Call in call.c:367 [0x231d34] in python
=========         Host Frame: _PyEval_EvalFrameDefault in bytecodes.c:3263 [0x203a55] in python
=========         Host Frame: _PyObject_FastCallDictTstate in call.c:144 [0x1f8592] in python
=========         Host Frame: _PyObject_Call_Prepend in call.c:508 [0x22f266] in python
=========         Host Frame: slot_tp_call in typeobject.c:8791 [0x300ed8] in python
=========         Host Frame: _PyObject_MakeTpCall in call.c:240 [0x1f586a] in python
=========         Host Frame: _PyEval_EvalFrameDefault in bytecodes.c:2715 [0x1ffb14] in python
=========         Host Frame: _PyObject_FastCallDictTstate in call.c:144 [0x1f8592] in python
=========         Host Frame: _PyObject_Call_Prepend in call.c:508 [0x22f266] in python
=========         Host Frame: slot_tp_call in typeobject.c:8791 [0x300ed8] in python
=========         Host Frame: _PyObject_MakeTpCall in call.c:240 [0x1f586a] in python
=========         Host Frame: _PyEval_EvalFrameDefault in bytecodes.c:2715 [0x1ffb14] in python
=========         Host Frame: _PyObject_FastCallDictTstate in call.c:144 [0x1f8592] in python
=========         Host Frame: _PyObject_Call_Prepend in call.c:508 [0x22f266] in python
=========         Host Frame: slot_tp_call in typeobject.c:8791 [0x300ed8] in python
=========         Host Frame: _PyObject_MakeTpCall in call.c:240 [0x1f586a] in python
=========         Host Frame: _PyEval_EvalFrameDefault in bytecodes.c:2715 [0x1ffb14] in python
=========         Host Frame: PyEval_EvalCode in ceval.c:580 [0x2b893c] in python
=========         Host Frame: run_eval_code_obj in pythonrun.c:1757 [0x2f4639] in python
=========         Host Frame: run_mod in pythonrun.c:1778 [0x2ef2a4] in python
=========         Host Frame: pyrun_file in pythonrun.c:1674 [0x2ec26f] in python
=========         Host Frame: _PyRun_SimpleFileObject in pythonrun.c:459 [0x2ebee5] in python
=========         Host Frame: _PyRun_AnyFileObject in pythonrun.c:78 [0x2ebcc3] in python
=========         Host Frame: Py_RunMain in main.c:714 [0x2e853d] in python
=========         Host Frame: Py_BytesMain in main.c:768 [0x2a0636] in python
=========         Host Frame:  [0x2a1c9] in libc.so.6
=========         Host Frame: __libc_start_main [0x2a28a] in libc.so.6
=========         Host Frame: _start [0x2a04ad] in python
=========         Host Frame: get_compute_capability_major_minor in cuda.py:163
=========         Host Frame: detect_gpu_arch in env_manager.py:234
=========         Host Frame: arch in env_manager.py:709
=========         Host Frame: apply_envar_settings in compiler.py:1063
=========         Host Frame: _prepare_compilation in dsl.py:2896
=========         Host Frame: _func_impl in dsl.py:2955
=========         Host Frame: _func in dsl.py:2938
=========         Host Frame: _compile in compiler.py:1609
=========         Host Frame: __call__ in compiler.py:1446
=========         Host Frame: compile_probe in test_lpt_scheduler.py:144
=========         Host Frame: test_exhaustion_does_not_read_metadata in test_lpt_scheduler.py:248
=========         Host Frame: pytest_pyfunc_call in python.py:167
=========         Host Frame: _multicall in _callers.py:121
=========         Host Frame: _hookexec in _manager.py:120
=========         Host Frame: __call__ in _hooks.py:512
=========         Host Frame: runtest in python.py:1707
=========         Host Frame: pytest_runtest_call in runner.py:184
=========         Host Frame: _multicall in _callers.py:121
=========         Host Frame: _hookexec in _manager.py:120
=========         Host Frame: __call__ in _hooks.py:512
=========         Host Frame: <lambda> in runner.py:250
=========         Host Frame: from_call in runner.py:361
=========         Host Frame: call_and_report in runner.py:249
=========         Host Frame: runtestprotocol in runner.py:139
=========         Host Frame: pytest_runtest_protocol in runner.py:118
=========         Host Frame: _multicall in _callers.py:121
=========         Host Frame: _hookexec in _manager.py:120
=========         Host Frame: __call__ in _hooks.py:512
=========         Host Frame: pytest_runtestloop in main.py:408
=========         Host Frame: _multicall in _callers.py:121
=========         Host Frame: _hookexec in _manager.py:120
=========         Host Frame: __call__ in _hooks.py:512
=========         Host Frame: _main in main.py:384
=========         Host Frame: wrap_session in main.py:330
=========         Host Frame: pytest_cmdline_main in main.py:377
=========         Host Frame: _multicall in _callers.py:121
=========         Host Frame: _hookexec in _manager.py:120
=========         Host Frame: __call__ in _hooks.py:512
=========         Host Frame: _main in __init__.py:229
=========         Host Frame: main in __init__.py:201
========= 
========= Program hit CUDA_ERROR_INVALID_VALUE (error 1) due to "invalid argument" on CUDA API call to cuGetProcAddress_v2.
=========     Saved host backtrace up to driver entry point at error
=========         Host Frame:  [0x10b30] in driver.cpython-312-x86_64-linux-gnu.so
=========         Host Frame:  [0x24d84] in driver.cpython-312-x86_64-linux-gnu.so
=========         Host Frame:  [0x150f9] in cydriver.cpython-312-x86_64-linux-gnu.so
=========         Host Frame:  [0x4ecd5d] in driver.cpython-312-x86_64-linux-gnu.so
=========         Host Frame: PyObject_Vectorcall in call.c:325 [0x214e0d] in python
=========         Host Frame: _PyEval_EvalFrameDefault in bytecodes.c:2715 [0x1ffb14] in python
=========         Host Frame: PyObject_CallOneArg in call.c:401 [0x22cd34] in python
=========         Host Frame: _PyObject_GenericGetAttrWithDict in object.c:1447 [0x21da35] in python
=========         Host Frame: PyObject_GetAttr in object.c:1060 [0x1f7e00] in python
=========         Host Frame: _PyEval_EvalFrameDefault in bytecodes.c:1802 [0x200556] in python
=========         Host Frame: _PyObject_VectorcallTstate.lto_priv.14 in pycore_call.h:92 [0x249612] in python
=========         Host Frame: method_vectorcall in classobject.c:61 [0x2491bd] in python
=========         Host Frame: _PyObject_Call in call.c:354 [0x231daa] in python
=========         Host Frame: _PyEval_EvalFrameDefault in bytecodes.c:3263 [0x203a55] in python
=========         Host Frame: _PyObject_VectorcallTstate.lto_priv.14 in pycore_call.h:92 [0x249612] in python
=========         Host Frame: method_vectorcall in classobject.c:61 [0x2491bd] in python
=========         Host Frame: _PyObject_Call in call.c:354 [0x231daa] in python
=========         Host Frame: _PyEval_EvalFrameDefault in bytecodes.c:3263 [0x203a55] in python
=========         Host Frame: _PyObject_VectorcallTstate.lto_priv.14 in pycore_call.h:92 [0x249612] in python
=========         Host Frame: method_vectorcall in classobject.c:61 [0x2491bd] in python
=========         Host Frame: _PyObject_Call in call.c:354 [0x231daa] in python
=========         Host Frame: _PyEval_EvalFrameDefault in bytecodes.c:3263 [0x203a55] in python
=========         Host Frame: _PyObject_VectorcallTstate.lto_priv.14 in pycore_call.h:92 [0x249612] in python
=========         Host Frame: method_vectorcall in classobject.c:61 [0x2491bd] in python
=========         Host Frame: _PyObject_Call in call.c:354 [0x231daa] in python
=========         Host Frame: _PyEval_EvalFrameDefault in bytecodes.c:3263 [0x203a55] in python
=========         Host Frame: _PyObject_FastCallDictTstate in call.c:144 [0x1f8592] in python
=========         Host Frame: _PyObject_Call_Prepend in call.c:508 [0x22f2e6] in python
=========         Host Frame: slot_tp_call in typeobject.c:8791 [0x300ed8] in python
=========         Host Frame: _PyObject_MakeTpCall in call.c:240 [0x1f586a] in python
=========         Host Frame: _PyEval_EvalFrameDefault in bytecodes.c:2715 [0x1ffb14] in python
=========         Host Frame: infinite_lru_cache_wrapper in _functoolsmodule.c:918 [0x342560] in python
=========         Host Frame: _PyObject_MakeTpCall in call.c:240 [0x1f586a] in python
=========         Host Frame: _PyEval_EvalFrameDefault in bytecodes.c:2715 [0x1ffb14] in python
=========         Host Frame: _PyObject_FastCallDictTstate in call.c:144 [0x1f8592] in python
=========         Host Frame: _PyObject_Call_Prepend in call.c:508 [0x22f266] in python
=========         Host Frame: slot_tp_call in typeobject.c:8791 [0x300ed8] in python
=========         Host Frame: _PyObject_MakeTpCall in call.c:240 [0x1f586a] in python
=========         Host Frame: _PyEval_EvalFrameDefault in bytecodes.c:2715 [0x1ffb14] in python
=========         Host Frame: _PyObject_FastCallDictTstate in call.c:144 [0x1f8592] in python
=========         Host Frame: _PyObject_Call_Prepend in call.c:508 [0x22f266] in python
=========         Host Frame: slot_tp_call in typeobject.c:8791 [0x300ed8] in python
=========         Host Frame: _PyObject_Call in call.c:367 [0x231d34] in python
=========         Host Frame: _PyEval_EvalFrameDefault in bytecodes.c:3263 [0x203a55] in python
=========         Host Frame: _PyObject_FastCallDictTstate in call.c:144 [0x1f8592] in python
=========         Host Frame: _PyObject_Call_Prepend in call.c:508 [0x22f266] in python
=========         Host Frame: slot_tp_call in typeobject.c:8791 [0x300ed8] in python
=========         Host Frame: _PyObject_MakeTpCall in call.c:240 [0x1f586a] in python
=========         Host Frame: _PyEval_EvalFrameDefault in bytecodes.c:2715 [0x1ffb14] in python
=========         Host Frame: _PyObject_FastCallDictTstate in call.c:144 [0x1f8592] in python
=========         Host Frame: _PyObject_Call_Prepend in call.c:508 [0x22f266] in python
=========         Host Frame: slot_tp_call in typeobject.c:8791 [0x300ed8] in python
=========         Host Frame: _PyObject_MakeTpCall in call.c:240 [0x1f586a] in python
=========         Host Frame: _PyEval_EvalFrameDefault in bytecodes.c:2715 [0x1ffb14] in python
=========         Host Frame: _PyObject_FastCallDictTstate in call.c:144 [0x1f8592] in python
=========         Host Frame: _PyObject_Call_Prepend in call.c:508 [0x22f266] in python
=========         Host Frame: slot_tp_call in typeobject.c:8791 [0x300ed8] in python
=========         Host Frame: _PyObject_MakeTpCall in call.c:240 [0x1f586a] in python
=========         Host Frame: _PyEval_EvalFrameDefault in bytecodes.c:2715 [0x1ffb14] in python
=========         Host Frame: PyEval_EvalCode in ceval.c:580 [0x2b893c] in python
=========         Host Frame: run_eval_code_obj in pythonrun.c:1757 [0x2f4639] in python
=========         Host Frame: run_mod in pythonrun.c:1778 [0x2ef2a4] in python
=========         Host Frame: pyrun_file in pythonrun.c:1674 [0x2ec26f] in python
=========         Host Frame: _PyRun_SimpleFileObject in pythonrun.c:459 [0x2ebee5] in python
=========         Host Frame: _PyRun_AnyFileObject in pythonrun.c:78 [0x2ebcc3] in python
=========         Host Frame: Py_RunMain in main.c:714 [0x2e853d] in python
=========         Host Frame: Py_BytesMain in main.c:768 [0x2a0636] in python
=========         Host Frame:  [0x2a1c9] in libc.so.6
=========         Host Frame: __libc_start_main [0x2a28a] in libc.so.6
=========         Host Frame: _start [0x2a04ad] in python
=========         Host Frame: get_compute_capability_major_minor in cuda.py:163
=========         Host Frame: detect_gpu_arch in env_manager.py:234
=========         Host Frame: arch in env_manager.py:709
=========         Host Frame: apply_envar_settings in compiler.py:1063
=========         Host Frame: _prepare_compilation in dsl.py:2896
=========         Host Frame: _func_impl in dsl.py:2955
=========         Host Frame: _func in dsl.py:2938
=========         Host Frame: _compile in compiler.py:1609
=========         Host Frame: __call__ in compiler.py:1446
=========         Host Frame: compile_probe in test_lpt_scheduler.py:144
=========         Host Frame: test_exhaustion_does_not_read_metadata in test_lpt_scheduler.py:248
=========         Host Frame: pytest_pyfunc_call in python.py:167
=========         Host Frame: _multicall in _callers.py:121
=========         Host Frame: _hookexec in _manager.py:120
=========         Host Frame: __call__ in _hooks.py:512
=========         Host Frame: runtest in python.py:1707
=========         Host Frame: pytest_runtest_call in runner.py:184
=========         Host Frame: _multicall in _callers.py:121
=========         Host Frame: _hookexec in _manager.py:120
=========         Host Frame: __call__ in _hooks.py:512
=========         Host Frame: <lambda> in runner.py:250
=========         Host Frame: from_call in runner.py:361
=========         Host Frame: call_and_report in runner.py:249
=========         Host Frame: runtestprotocol in runner.py:139
=========         Host Frame: pytest_runtest_protocol in runner.py:118
=========         Host Frame: _multicall in _callers.py:121
=========         Host Frame: _hookexec in _manager.py:120
=========         Host Frame: __call__ in _hooks.py:512
=========         Host Frame: pytest_runtestloop in main.py:408
=========         Host Frame: _multicall in _callers.py:121
=========         Host Frame: _hookexec in _manager.py:120
=========         Host Frame: __call__ in _hooks.py:512
=========         Host Frame: _main in main.py:384
=========         Host Frame: wrap_session in main.py:330
=========         Host Frame: pytest_cmdline_main in main.py:377
=========         Host Frame: _multicall in _callers.py:121
=========         Host Frame: _hookexec in _manager.py:120
=========         Host Frame: __call__ in _hooks.py:512
=========         Host Frame: _main in __init__.py:229
=========         Host Frame: main in __init__.py:201
========= 
========= Program hit CUDA_ERROR_INVALID_VALUE (error 1) due to "invalid argument" on CUDA API call to cuGetProcAddress_v2.
=========     Saved host backtrace up to driver entry point at error
=========         Host Frame:  [0x10b56] in driver.cpython-312-x86_64-linux-gnu.so
=========         Host Frame:  [0x24d84] in driver.cpython-312-x86_64-linux-gnu.so
=========         Host Frame:  [0x150f9] in cydriver.cpython-312-x86_64-linux-gnu.so
=========         Host Frame:  [0x4ecd5d] in driver.cpython-312-x86_64-linux-gnu.so
=========         Host Frame: PyObject_Vectorcall in call.c:325 [0x214e0d] in python
=========         Host Frame: _PyEval_EvalFrameDefault in bytecodes.c:2715 [0x1ffb14] in python
=========         Host Frame: PyObject_CallOneArg in call.c:401 [0x22cd34] in python
=========         Host Frame: _PyObject_GenericGetAttrWithDict in object.c:1447 [0x21da35] in python
=========         Host Frame: PyObject_GetAttr in object.c:1060 [0x1f7e00] in python
=========         Host Frame: _PyEval_EvalFrameDefault in bytecodes.c:1802 [0x200556] in python
=========         Host Frame: _PyObject_VectorcallTstate.lto_priv.14 in pycore_call.h:92 [0x249612] in python
=========         Host Frame: method_vectorcall in classobject.c:61 [0x2491bd] in python
=========         Host Frame: _PyObject_Call in call.c:354 [0x231daa] in python
=========         Host Frame: _PyEval_EvalFrameDefault in bytecodes.c:3263 [0x203a55] in python
=========         Host Frame: _PyObject_VectorcallTstate.lto_priv.14 in pycore_call.h:92 [0x249612] in python
=========         Host Frame: method_vectorcall in classobject.c:61 [0x2491bd] in python
=========         Host Frame: _PyObject_Call in call.c:354 [0x231daa] in python
=========         Host Frame: _PyEval_EvalFrameDefault in bytecodes.c:3263 [0x203a55] in python
=========         Host Frame: _PyObject_VectorcallTstate.lto_priv.14 in pycore_call.h:92 [0x249612] in python
=========         Host Frame: method_vectorcall in classobject.c:61 [0x2491bd] in python
=========         Host Frame: _PyObject_Call in call.c:354 [0x231daa] in python
=========         Host Frame: _PyEval_EvalFrameDefault in bytecodes.c:3263 [0x203a55] in python
=========         Host Frame: _PyObject_VectorcallTstate.lto_priv.14 in pycore_call.h:92 [0x249612] in python
=========         Host Frame: method_vectorcall in classobject.c:61 [0x2491bd] in python
=========         Host Frame: _PyObject_Call in call.c:354 [0x231daa] in python
=========         Host Frame: _PyEval_EvalFrameDefault in bytecodes.c:3263 [0x203a55] in python
=========         Host Frame: _PyObject_FastCallDictTstate in call.c:144 [0x1f8592] in python
=========         Host Frame: _PyObject_Call_Prepend in call.c:508 [0x22f2e6] in python
=========         Host Frame: slot_tp_call in typeobject.c:8791 [0x300ed8] in python
=========         Host Frame: _PyObject_MakeTpCall in call.c:240 [0x1f586a] in python
=========         Host Frame: _PyEval_EvalFrameDefault in bytecodes.c:2715 [0x1ffb14] in python
=========         Host Frame: infinite_lru_cache_wrapper in _functoolsmodule.c:918 [0x342560] in python
=========         Host Frame: _PyObject_MakeTpCall in call.c:240 [0x1f586a] in python
=========         Host Frame: _PyEval_EvalFrameDefault in bytecodes.c:2715 [0x1ffb14] in python
=========         Host Frame: _PyObject_FastCallDictTstate in call.c:144 [0x1f8592] in python
=========         Host Frame: _PyObject_Call_Prepend in call.c:508 [0x22f266] in python
=========         Host Frame: slot_tp_call in typeobject.c:8791 [0x300ed8] in python
=========         Host Frame: _PyObject_MakeTpCall in call.c:240 [0x1f586a] in python
=========         Host Frame: _PyEval_EvalFrameDefault in bytecodes.c:2715 [0x1ffb14] in python
=========         Host Frame: _PyObject_FastCallDictTstate in call.c:144 [0x1f8592] in python
=========         Host Frame: _PyObject_Call_Prepend in call.c:508 [0x22f266] in python
=========         Host Frame: slot_tp_call in typeobject.c:8791 [0x300ed8] in python
=========         Host Frame: _PyObject_Call in call.c:367 [0x231d34] in python
=========         Host Frame: _PyEval_EvalFrameDefault in bytecodes.c:3263 [0x203a55] in python
=========         Host Frame: _PyObject_FastCallDictTstate in call.c:144 [0x1f8592] in python
=========         Host Frame: _PyObject_Call_Prepend in call.c:508 [0x22f266] in python
=========         Host Frame: slot_tp_call in typeobject.c:8791 [0x300ed8] in python
=========         Host Frame: _PyObject_MakeTpCall in call.c:240 [0x1f586a] in python
=========         Host Frame: _PyEval_EvalFrameDefault in bytecodes.c:2715 [0x1ffb14] in python
=========         Host Frame: _PyObject_FastCallDictTstate in call.c:144 [0x1f8592] in python
=========         Host Frame: _PyObject_Call_Prepend in call.c:508 [0x22f266] in python
=========         Host Frame: slot_tp_call in typeobject.c:8791 [0x300ed8] in python
=========         Host Frame: _PyObject_MakeTpCall in call.c:240 [0x1f586a] in python
=========         Host Frame: _PyEval_EvalFrameDefault in bytecodes.c:2715 [0x1ffb14] in python
=========         Host Frame: _PyObject_FastCallDictTstate in call.c:144 [0x1f8592] in python
=========         Host Frame: _PyObject_Call_Prepend in call.c:508 [0x22f266] in python
=========         Host Frame: slot_tp_call in typeobject.c:8791 [0x300ed8] in python
=========         Host Frame: _PyObject_MakeTpCall in call.c:240 [0x1f586a] in python
=========         Host Frame: _PyEval_EvalFrameDefault in bytecodes.c:2715 [0x1ffb14] in python
=========         Host Frame: PyEval_EvalCode in ceval.c:580 [0x2b893c] in python
=========         Host Frame: run_eval_code_obj in pythonrun.c:1757 [0x2f4639] in python
=========         Host Frame: run_mod in pythonrun.c:1778 [0x2ef2a4] in python
=========         Host Frame: pyrun_file in pythonrun.c:1674 [0x2ec26f] in python
=========         Host Frame: _PyRun_SimpleFileObject in pythonrun.c:459 [0x2ebee5] in python
=========         Host Frame: _PyRun_AnyFileObject in pythonrun.c:78 [0x2ebcc3] in python
=========         Host Frame: Py_RunMain in main.c:714 [0x2e853d] in python
=========         Host Frame: Py_BytesMain in main.c:768 [0x2a0636] in python
=========         Host Frame:  [0x2a1c9] in libc.so.6
=========         Host Frame: __libc_start_main [0x2a28a] in libc.so.6
=========         Host Frame: _start [0x2a04ad] in python
=========         Host Frame: get_compute_capability_major_minor in cuda.py:163
=========         Host Frame: detect_gpu_arch in env_manager.py:234
=========         Host Frame: arch in env_manager.py:709
=========         Host Frame: apply_envar_settings in compiler.py:1063
=========         Host Frame: _prepare_compilation in dsl.py:2896
=========         Host Frame: _func_impl in dsl.py:2955
=========         Host Frame: _func in dsl.py:2938
=========         Host Frame: _compile in compiler.py:1609
=========         Host Frame: __call__ in compiler.py:1446
=========         Host Frame: compile_probe in test_lpt_scheduler.py:144
=========         Host Frame: test_exhaustion_does_not_read_metadata in test_lpt_scheduler.py:248
=========         Host Frame: pytest_pyfunc_call in python.py:167
=========         Host Frame: _multicall in _callers.py:121
=========         Host Frame: _hookexec in _manager.py:120
=========         Host Frame: __call__ in _hooks.py:512
=========         Host Frame: runtest in python.py:1707
=========         Host Frame: pytest_runtest_call in runner.py:184
=========         Host Frame: _multicall in _callers.py:121
=========         Host Frame: _hookexec in _manager.py:120
=========         Host Frame: __call__ in _hooks.py:512
=========         Host Frame: <lambda> in runner.py:250
=========         Host Frame: from_call in runner.py:361
=========         Host Frame: call_and_report in runner.py:249
=========         Host Frame: runtestprotocol in runner.py:139
=========         Host Frame: pytest_runtest_protocol in runner.py:118
=========         Host Frame: _multicall in _callers.py:121
=========         Host Frame: _hookexec in _manager.py:120
=========         Host Frame: __call__ in _hooks.py:512
=========         Host Frame: pytest_runtestloop in main.py:408
=========         Host Frame: _multicall in _callers.py:121
=========         Host Frame: _hookexec in _manager.py:120
=========         Host Frame: __call__ in _hooks.py:512
=========         Host Frame: _main in main.py:384
=========         Host Frame: wrap_session in main.py:330
=========         Host Frame: pytest_cmdline_main in main.py:377
=========         Host Frame: _multicall in _callers.py:121
=========         Host Frame: _hookexec in _manager.py:120
=========         Host Frame: __call__ in _hooks.py:512
=========         Host Frame: _main in __init__.py:229
=========         Host Frame: main in __init__.py:201
========= 
========= Program hit CUDA_ERROR_INVALID_VALUE (error 1) due to "invalid argument" on CUDA API call to cuGetProcAddress_v2.
=========     Saved host backtrace up to driver entry point at error
=========         Host Frame:  [0x10b7c] in driver.cpython-312-x86_64-linux-gnu.so
=========         Host Frame:  [0x24d84] in driver.cpython-312-x86_64-linux-gnu.so
=========         Host Frame:  [0x150f9] in cydriver.cpython-312-x86_64-linux-gnu.so
=========         Host Frame:  [0x4ecd5d] in driver.cpython-312-x86_64-linux-gnu.so
=========         Host Frame: PyObject_Vectorcall in call.c:325 [0x214e0d] in python
=========         Host Frame: _PyEval_EvalFrameDefault in bytecodes.c:2715 [0x1ffb14] in python
=========         Host Frame: PyObject_CallOneArg in call.c:401 [0x22cd34] in python
=========         Host Frame: _PyObject_GenericGetAttrWithDict in object.c:1447 [0x21da35] in python
=========         Host Frame: PyObject_GetAttr in object.c:1060 [0x1f7e00] in python
=========         Host Frame: _PyEval_EvalFrameDefault in bytecodes.c:1802 [0x200556] in python
=========         Host Frame: _PyObject_VectorcallTstate.lto_priv.14 in pycore_call.h:92 [0x249612] in python
=========         Host Frame: method_vectorcall in classobject.c:61 [0x2491bd] in python
=========         Host Frame: _PyObject_Call in call.c:354 [0x231daa] in python
=========         Host Frame: _PyEval_EvalFrameDefault in bytecodes.c:3263 [0x203a55] in python
=========         Host Frame: _PyObject_VectorcallTstate.lto_priv.14 in pycore_call.h:92 [0x249612] in python
=========         Host Frame: method_vectorcall in classobject.c:61 [0x2491bd] in python
=========         Host Frame: _PyObject_Call in call.c:354 [0x231daa] in python
=========         Host Frame: _PyEval_EvalFrameDefault in bytecodes.c:3263 [0x203a55] in python
=========         Host Frame: _PyObject_VectorcallTstate.lto_priv.14 in pycore_call.h:92 [0x249612] in python
=========         Host Frame: method_vectorcall in classobject.c:61 [0x2491bd] in python
=========         Host Frame: _PyObject_Call in call.c:354 [0x231daa] in python
=========         Host Frame: _PyEval_EvalFrameDefault in bytecodes.c:3263 [0x203a55] in python
=========         Host Frame: _PyObject_VectorcallTstate.lto_priv.14 in pycore_call.h:92 [0x249612] in python
=========         Host Frame: method_vectorcall in classobject.c:61 [0x2491bd] in python
=========         Host Frame: _PyObject_Call in call.c:354 [0x231daa] in python
=========         Host Frame: _PyEval_EvalFrameDefault in bytecodes.c:3263 [0x203a55] in python
=========         Host Frame: _PyObject_FastCallDictTstate in call.c:144 [0x1f8592] in python
=========         Host Frame: _PyObject_Call_Prepend in call.c:508 [0x22f2e6] in python
=========         Host Frame: slot_tp_call in typeobject.c:8791 [0x300ed8] in python
=========         Host Frame: _PyObject_MakeTpCall in call.c:240 [0x1f586a] in python
=========         Host Frame: _PyEval_EvalFrameDefault in bytecodes.c:2715 [0x1ffb14] in python
=========         Host Frame: infinite_lru_cache_wrapper in _functoolsmodule.c:918 [0x342560] in python
=========         Host Frame: _PyObject_MakeTpCall in call.c:240 [0x1f586a] in python
=========         Host Frame: _PyEval_EvalFrameDefault in bytecodes.c:2715 [0x1ffb14] in python
=========         Host Frame: _PyObject_FastCallDictTstate in call.c:144 [0x1f8592] in python
=========         Host Frame: _PyObject_Call_Prepend in call.c:508 [0x22f266] in python
=========         Host Frame: slot_tp_call in typeobject.c:8791 [0x300ed8] in python
=========         Host Frame: _PyObject_MakeTpCall in call.c:240 [0x1f586a] in python
=========         Host Frame: _PyEval_EvalFrameDefault in bytecodes.c:2715 [0x1ffb14] in python
=========         Host Frame: _PyObject_FastCallDictTstate in call.c:144 [0x1f8592] in python
=========         Host Frame: _PyObject_Call_Prepend in call.c:508 [0x22f266] in python
=========         Host Frame: slot_tp_call in typeobject.c:8791 [0x300ed8] in python
=========         Host Frame: _PyObject_Call in call.c:367 [0x231d34] in python
=========         Host Frame: _PyEval_EvalFrameDefault in bytecodes.c:3263 [0x203a55] in python
=========         Host Frame: _PyObject_FastCallDictTstate in call.c:144 [0x1f8592] in python
=========         Host Frame: _PyObject_Call_Prepend in call.c:508 [0x22f266] in python
=========         Host Frame: slot_tp_call in typeobject.c:8791 [0x300ed8] in python
=========         Host Frame: _PyObject_MakeTpCall in call.c:240 [0x1f586a] in python
=========         Host Frame: _PyEval_EvalFrameDefault in bytecodes.c:2715 [0x1ffb14] in python
=========         Host Frame: _PyObject_FastCallDictTstate in call.c:144 [0x1f8592] in python
=========         Host Frame: _PyObject_Call_Prepend in call.c:508 [0x22f266] in python
=========         Host Frame: slot_tp_call in typeobject.c:8791 [0x300ed8] in python
=========         Host Frame: _PyObject_MakeTpCall in call.c:240 [0x1f586a] in python
=========         Host Frame: _PyEval_EvalFrameDefault in bytecodes.c:2715 [0x1ffb14] in python
=========         Host Frame: _PyObject_FastCallDictTstate in call.c:144 [0x1f8592] in python
=========         Host Frame: _PyObject_Call_Prepend in call.c:508 [0x22f266] in python
=========         Host Frame: slot_tp_call in typeobject.c:8791 [0x300ed8] in python
=========         Host Frame: _PyObject_MakeTpCall in call.c:240 [0x1f586a] in python
=========         Host Frame: _PyEval_EvalFrameDefault in bytecodes.c:2715 [0x1ffb14] in python
=========         Host Frame: PyEval_EvalCode in ceval.c:580 [0x2b893c] in python
=========         Host Frame: run_eval_code_obj in pythonrun.c:1757 [0x2f4639] in python
=========         Host Frame: run_mod in pythonrun.c:1778 [0x2ef2a4] in python
=========         Host Frame: pyrun_file in pythonrun.c:1674 [0x2ec26f] in python
=========         Host Frame: _PyRun_SimpleFileObject in pythonrun.c:459 [0x2ebee5] in python
=========         Host Frame: _PyRun_AnyFileObject in pythonrun.c:78 [0x2ebcc3] in python
=========         Host Frame: Py_RunMain in main.c:714 [0x2e853d] in python
=========         Host Frame: Py_BytesMain in main.c:768 [0x2a0636] in python
=========         Host Frame:  [0x2a1c9] in libc.so.6
=========         Host Frame: __libc_start_main [0x2a28a] in libc.so.6
=========         Host Frame: _start [0x2a04ad] in python
=========         Host Frame: get_compute_capability_major_minor in cuda.py:163
=========         Host Frame: detect_gpu_arch in env_manager.py:234
=========         Host Frame: arch in env_manager.py:709
=========         Host Frame: apply_envar_settings in compiler.py:1063
=========         Host Frame: _prepare_compilation in dsl.py:2896
=========         Host Frame: _func_impl in dsl.py:2955
=========         Host Frame: _func in dsl.py:2938
=========         Host Frame: _compile in compiler.py:1609
=========         Host Frame: __call__ in compiler.py:1446
=========         Host Frame: compile_probe in test_lpt_scheduler.py:144
=========         Host Frame: test_exhaustion_does_not_read_metadata in test_lpt_scheduler.py:248
=========         Host Frame: pytest_pyfunc_call in python.py:167
=========         Host Frame: _multicall in _callers.py:121
=========         Host Frame: _hookexec in _manager.py:120
=========         Host Frame: __call__ in _hooks.py:512
=========         Host Frame: runtest in python.py:1707
=========         Host Frame: pytest_runtest_call in runner.py:184
=========         Host Frame: _multicall in _callers.py:121
=========         Host Frame: _hookexec in _manager.py:120
=========         Host Frame: __call__ in _hooks.py:512
=========         Host Frame: <lambda> in runner.py:250
=========         Host Frame: from_call in runner.py:361
=========         Host Frame: call_and_report in runner.py:249
=========         Host Frame: runtestprotocol in runner.py:139
=========         Host Frame: pytest_runtest_protocol in runner.py:118
=========         Host Frame: _multicall in _callers.py:121
=========         Host Frame: _hookexec in _manager.py:120
=========         Host Frame: __call__ in _hooks.py:512
=========         Host Frame: pytest_runtestloop in main.py:408
=========         Host Frame: _multicall in _callers.py:121
=========         Host Frame: _hookexec in _manager.py:120
=========         Host Frame: __call__ in _hooks.py:512
=========         Host Frame: _main in main.py:384
=========         Host Frame: wrap_session in main.py:330
=========         Host Frame: pytest_cmdline_main in main.py:377
=========         Host Frame: _multicall in _callers.py:121
=========         Host Frame: _hookexec in _manager.py:120
=========         Host Frame: __call__ in _hooks.py:512
=========         Host Frame: _main in __init__.py:229
=========         Host Frame: main in __init__.py:201
========= 
========= Program hit CUDA_ERROR_INVALID_VALUE (error 1) due to "invalid argument" on CUDA API call to cuGetProcAddress_v2.
=========     Saved host backtrace up to driver entry point at error
=========         Host Frame:  [0x10ba2] in driver.cpython-312-x86_64-linux-gnu.so
=========         Host Frame:  [0x24d84] in driver.cpython-312-x86_64-linux-gnu.so
=========         Host Frame:  [0x150f9] in cydriver.cpython-312-x86_64-linux-gnu.so
=========         Host Frame:  [0x4ecd5d] in driver.cpython-312-x86_64-linux-gnu.so
=========         Host Frame: PyObject_Vectorcall in call.c:325 [0x214e0d] in python
=========         Host Frame: _PyEval_EvalFrameDefault in bytecodes.c:2715 [0x1ffb14] in python
=========         Host Frame: PyObject_CallOneArg in call.c:401 [0x22cd34] in python
=========         Host Frame: _PyObject_GenericGetAttrWithDict in object.c:1447 [0x21da35] in python
=========         Host Frame: PyObject_GetAttr in object.c:1060 [0x1f7e00] in python
=========         Host Frame: _PyEval_EvalFrameDefault in bytecodes.c:1802 [0x200556] in python
=========         Host Frame: _PyObject_VectorcallTstate.lto_priv.14 in pycore_call.h:92 [0x249612] in python
=========         Host Frame: method_vectorcall in classobject.c:61 [0x2491bd] in python
=========         Host Frame: _PyObject_Call in call.c:354 [0x231daa] in python
=========         Host Frame: _PyEval_EvalFrameDefault in bytecodes.c:3263 [0x203a55] in python
=========         Host Frame: _PyObject_VectorcallTstate.lto_priv.14 in pycore_call.h:92 [0x249612] in python
=========         Host Frame: method_vectorcall in classobject.c:61 [0x2491bd] in python
=========         Host Frame: _PyObject_Call in call.c:354 [0x231daa] in python
=========         Host Frame: _PyEval_EvalFrameDefault in bytecodes.c:3263 [0x203a55] in python
=========         Host Frame: _PyObject_VectorcallTstate.lto_priv.14 in pycore_call.h:92 [0x249612] in python
=========         Host Frame: method_vectorcall in classobject.c:61 [0x2491bd] in python
=========         Host Frame: _PyObject_Call in call.c:354 [0x231daa] in python
=========         Host Frame: _PyEval_EvalFrameDefault in bytecodes.c:3263 [0x203a55] in python
=========         Host Frame: _PyObject_VectorcallTstate.lto_priv.14 in pycore_call.h:92 [0x249612] in python
=========         Host Frame: method_vectorcall in classobject.c:61 [0x2491bd] in python
=========         Host Frame: _PyObject_Call in call.c:354 [0x231daa] in python
=========         Host Frame: _PyEval_EvalFrameDefault in bytecodes.c:3263 [0x203a55] in python
=========         Host Frame: _PyObject_FastCallDictTstate in call.c:144 [0x1f8592] in python
=========         Host Frame: _PyObject_Call_Prepend in call.c:508 [0x22f2e6] in python
=========         Host Frame: slot_tp_call in typeobject.c:8791 [0x300ed8] in python
=========         Host Frame: _PyObject_MakeTpCall in call.c:240 [0x1f586a] in python
=========         Host Frame: _PyEval_EvalFrameDefault in bytecodes.c:2715 [0x1ffb14] in python
=========         Host Frame: infinite_lru_cache_wrapper in _functoolsmodule.c:918 [0x342560] in python
=========         Host Frame: _PyObject_MakeTpCall in call.c:240 [0x1f586a] in python
=========         Host Frame: _PyEval_EvalFrameDefault in bytecodes.c:2715 [0x1ffb14] in python
=========         Host Frame: _PyObject_FastCallDictTstate in call.c:144 [0x1f8592] in python
=========         Host Frame: _PyObject_Call_Prepend in call.c:508 [0x22f266] in python
=========         Host Frame: slot_tp_call in typeobject.c:8791 [0x300ed8] in python
=========         Host Frame: _PyObject_MakeTpCall in call.c:240 [0x1f586a] in python
=========         Host Frame: _PyEval_EvalFrameDefault in bytecodes.c:2715 [0x1ffb14] in python
=========         Host Frame: _PyObject_FastCallDictTstate in call.c:144 [0x1f8592] in python
=========         Host Frame: _PyObject_Call_Prepend in call.c:508 [0x22f266] in python
=========         Host Frame: slot_tp_call in typeobject.c:8791 [0x300ed8] in python
=========         Host Frame: _PyObject_Call in call.c:367 [0x231d34] in python
=========         Host Frame: _PyEval_EvalFrameDefault in bytecodes.c:3263 [0x203a55] in python
=========         Host Frame: _PyObject_FastCallDictTstate in call.c:144 [0x1f8592] in python
=========         Host Frame: _PyObject_Call_Prepend in call.c:508 [0x22f266] in python
=========         Host Frame: slot_tp_call in typeobject.c:8791 [0x300ed8] in python
=========         Host Frame: _PyObject_MakeTpCall in call.c:240 [0x1f586a] in python
=========         Host Frame: _PyEval_EvalFrameDefault in bytecodes.c:2715 [0x1ffb14] in python
=========         Host Frame: _PyObject_FastCallDictTstate in call.c:144 [0x1f8592] in python
=========         Host Frame: _PyObject_Call_Prepend in call.c:508 [0x22f266] in python
=========         Host Frame: slot_tp_call in typeobject.c:8791 [0x300ed8] in python
=========         Host Frame: _PyObject_MakeTpCall in call.c:240 [0x1f586a] in python
=========         Host Frame: _PyEval_EvalFrameDefault in bytecodes.c:2715 [0x1ffb14] in python
=========         Host Frame: _PyObject_FastCallDictTstate in call.c:144 [0x1f8592] in python
=========         Host Frame: _PyObject_Call_Prepend in call.c:508 [0x22f266] in python
=========         Host Frame: slot_tp_call in typeobject.c:8791 [0x300ed8] in python
=========         Host Frame: _PyObject_MakeTpCall in call.c:240 [0x1f586a] in python
=========         Host Frame: _PyEval_EvalFrameDefault in bytecodes.c:2715 [0x1ffb14] in python
=========         Host Frame: PyEval_EvalCode in ceval.c:580 [0x2b893c] in python
=========         Host Frame: run_eval_code_obj in pythonrun.c:1757 [0x2f4639] in python
=========         Host Frame: run_mod in pythonrun.c:1778 [0x2ef2a4] in python
=========         Host Frame: pyrun_file in pythonrun.c:1674 [0x2ec26f] in python
=========         Host Frame: _PyRun_SimpleFileObject in pythonrun.c:459 [0x2ebee5] in python
=========         Host Frame: _PyRun_AnyFileObject in pythonrun.c:78 [0x2ebcc3] in python
=========         Host Frame: Py_RunMain in main.c:714 [0x2e853d] in python
=========         Host Frame: Py_BytesMain in main.c:768 [0x2a0636] in python
=========         Host Frame:  [0x2a1c9] in libc.so.6
=========         Host Frame: __libc_start_main [0x2a28a] in libc.so.6
=========         Host Frame: _start [0x2a04ad] in python
=========         Host Frame: get_compute_capability_major_minor in cuda.py:163
=========         Host Frame: detect_gpu_arch in env_manager.py:234
=========         Host Frame: arch in env_manager.py:709
=========         Host Frame: apply_envar_settings in compiler.py:1063
=========         Host Frame: _prepare_compilation in dsl.py:2896
=========         Host Frame: _func_impl in dsl.py:2955
=========         Host Frame: _func in dsl.py:2938
=========         Host Frame: _compile in compiler.py:1609
=========         Host Frame: __call__ in compiler.py:1446
=========         Host Frame: compile_probe in test_lpt_scheduler.py:144
=========         Host Frame: test_exhaustion_does_not_read_metadata in test_lpt_scheduler.py:248
=========         Host Frame: pytest_pyfunc_call in python.py:167
=========         Host Frame: _multicall in _callers.py:121
=========         Host Frame: _hookexec in _manager.py:120
=========         Host Frame: __call__ in _hooks.py:512
=========         Host Frame: runtest in python.py:1707
=========         Host Frame: pytest_runtest_call in runner.py:184
=========         Host Frame: _multicall in _callers.py:121
=========         Host Frame: _hookexec in _manager.py:120
=========         Host Frame: __call__ in _hooks.py:512
=========         Host Frame: <lambda> in runner.py:250
=========         Host Frame: from_call in runner.py:361
=========         Host Frame: call_and_report in runner.py:249
=========         Host Frame: runtestprotocol in runner.py:139
=========         Host Frame: pytest_runtest_protocol in runner.py:118
=========         Host Frame: _multicall in _callers.py:121
=========         Host Frame: _hookexec in _manager.py:120
=========         Host Frame: __call__ in _hooks.py:512
=========         Host Frame: pytest_runtestloop in main.py:408
=========         Host Frame: _multicall in _callers.py:121
=========         Host Frame: _hookexec in _manager.py:120
=========         Host Frame: __call__ in _hooks.py:512
=========         Host Frame: _main in main.py:384
=========         Host Frame: wrap_session in main.py:330
=========         Host Frame: pytest_cmdline_main in main.py:377
=========         Host Frame: _multicall in _callers.py:121
=========         Host Frame: _hookexec in _manager.py:120
=========         Host Frame: __call__ in _hooks.py:512
=========         Host Frame: _main in __init__.py:229
=========         Host Frame: main in __init__.py:201
========= 
========= Program hit CUDA_ERROR_INVALID_VALUE (error 1) due to "invalid argument" on CUDA API call to cuGetProcAddress_v2.
=========     Saved host backtrace up to driver entry point at error
=========         Host Frame:  [0x10bc8] in driver.cpython-312-x86_64-linux-gnu.so
=========         Host Frame:  [0x24d84] in driver.cpython-312-x86_64-linux-gnu.so
=========         Host Frame:  [0x150f9] in cydriver.cpython-312-x86_64-linux-gnu.so
=========         Host Frame:  [0x4ecd5d] in driver.cpython-312-x86_64-linux-gnu.so
=========         Host Frame: PyObject_Vectorcall in call.c:325 [0x214e0d] in python
=========         Host Frame: _PyEval_EvalFrameDefault in bytecodes.c:2715 [0x1ffb14] in python
=========         Host Frame: PyObject_CallOneArg in call.c:401 [0x22cd34] in python
=========         Host Frame: _PyObject_GenericGetAttrWithDict in object.c:1447 [0x21da35] in python
=========         Host Frame: PyObject_GetAttr in object.c:1060 [0x1f7e00] in python
=========         Host Frame: _PyEval_EvalFrameDefault in bytecodes.c:1802 [0x200556] in python
=========         Host Frame: _PyObject_VectorcallTstate.lto_priv.14 in pycore_call.h:92 [0x249612] in python
=========         Host Frame: method_vectorcall in classobject.c:61 [0x2491bd] in python
=========         Host Frame: _PyObject_Call in call.c:354 [0x231daa] in python
=========         Host Frame: _PyEval_EvalFrameDefault in bytecodes.c:3263 [0x203a55] in python
=========         Host Frame: _PyObject_VectorcallTstate.lto_priv.14 in pycore_call.h:92 [0x249612] in python
=========         Host Frame: method_vectorcall in classobject.c:61 [0x2491bd] in python
=========         Host Frame: _PyObject_Call in call.c:354 [0x231daa] in python
=========         Host Frame: _PyEval_EvalFrameDefault in bytecodes.c:3263 [0x203a55] in python
=========         Host Frame: _PyObject_VectorcallTstate.lto_priv.14 in pycore_call.h:92 [0x249612] in python
=========         Host Frame: method_vectorcall in classobject.c:61 [0x2491bd] in python
=========         Host Frame: _PyObject_Call in call.c:354 [0x231daa] in python
=========         Host Frame: _PyEval_EvalFrameDefault in bytecodes.c:3263 [0x203a55] in python
=========         Host Frame: _PyObject_VectorcallTstate.lto_priv.14 in pycore_call.h:92 [0x249612] in python
=========         Host Frame: method_vectorcall in classobject.c:61 [0x2491bd] in python
=========         Host Frame: _PyObject_Call in call.c:354 [0x231daa] in python
=========         Host Frame: _PyEval_EvalFrameDefault in bytecodes.c:3263 [0x203a55] in python
=========         Host Frame: _PyObject_FastCallDictTstate in call.c:144 [0x1f8592] in python
=========         Host Frame: _PyObject_Call_Prepend in call.c:508 [0x22f2e6] in python
=========         Host Frame: slot_tp_call in typeobject.c:8791 [0x300ed8] in python
=========         Host Frame: _PyObject_MakeTpCall in call.c:240 [0x1f586a] in python
=========         Host Frame: _PyEval_EvalFrameDefault in bytecodes.c:2715 [0x1ffb14] in python
=========         Host Frame: infinite_lru_cache_wrapper in _functoolsmodule.c:918 [0x342560] in python
=========         Host Frame: _PyObject_MakeTpCall in call.c:240 [0x1f586a] in python
=========         Host Frame: _PyEval_EvalFrameDefault in bytecodes.c:2715 [0x1ffb14] in python
=========         Host Frame: _PyObject_FastCallDictTstate in call.c:144 [0x1f8592] in python
=========         Host Frame: _PyObject_Call_Prepend in call.c:508 [0x22f266] in python
=========         Host Frame: slot_tp_call in typeobject.c:8791 [0x300ed8] in python
=========         Host Frame: _PyObject_MakeTpCall in call.c:240 [0x1f586a] in python
=========         Host Frame: _PyEval_EvalFrameDefault in bytecodes.c:2715 [0x1ffb14] in python
=========         Host Frame: _PyObject_FastCallDictTstate in call.c:144 [0x1f8592] in python
=========         Host Frame: _PyObject_Call_Prepend in call.c:508 [0x22f266] in python
=========         Host Frame: slot_tp_call in typeobject.c:8791 [0x300ed8] in python
=========         Host Frame: _PyObject_Call in call.c:367 [0x231d34] in python
=========         Host Frame: _PyEval_EvalFrameDefault in bytecodes.c:3263 [0x203a55] in python
=========         Host Frame: _PyObject_FastCallDictTstate in call.c:144 [0x1f8592] in python
=========         Host Frame: _PyObject_Call_Prepend in call.c:508 [0x22f266] in python
=========         Host Frame: slot_tp_call in typeobject.c:8791 [0x300ed8] in python
=========         Host Frame: _PyObject_MakeTpCall in call.c:240 [0x1f586a] in python
=========         Host Frame: _PyEval_EvalFrameDefault in bytecodes.c:2715 [0x1ffb14] in python
=========         Host Frame: _PyObject_FastCallDictTstate in call.c:144 [0x1f8592] in python
=========         Host Frame: _PyObject_Call_Prepend in call.c:508 [0x22f266] in python
=========         Host Frame: slot_tp_call in typeobject.c:8791 [0x300ed8] in python
=========         Host Frame: _PyObject_MakeTpCall in call.c:240 [0x1f586a] in python
=========         Host Frame: _PyEval_EvalFrameDefault in bytecodes.c:2715 [0x1ffb14] in python
=========         Host Frame: _PyObject_FastCallDictTstate in call.c:144 [0x1f8592] in python
=========         Host Frame: _PyObject_Call_Prepend in call.c:508 [0x22f266] in python
=========         Host Frame: slot_tp_call in typeobject.c:8791 [0x300ed8] in python
=========         Host Frame: _PyObject_MakeTpCall in call.c:240 [0x1f586a] in python
=========         Host Frame: _PyEval_EvalFrameDefault in bytecodes.c:2715 [0x1ffb14] in python
=========         Host Frame: PyEval_EvalCode in ceval.c:580 [0x2b893c] in python
=========         Host Frame: run_eval_code_obj in pythonrun.c:1757 [0x2f4639] in python
=========         Host Frame: run_mod in pythonrun.c:1778 [0x2ef2a4] in python
=========         Host Frame: pyrun_file in pythonrun.c:1674 [0x2ec26f] in python
=========         Host Frame: _PyRun_SimpleFileObject in pythonrun.c:459 [0x2ebee5] in python
=========         Host Frame: _PyRun_AnyFileObject in pythonrun.c:78 [0x2ebcc3] in python
=========         Host Frame: Py_RunMain in main.c:714 [0x2e853d] in python
=========         Host Frame: Py_BytesMain in main.c:768 [0x2a0636] in python
=========         Host Frame:  [0x2a1c9] in libc.so.6
=========         Host Frame: __libc_start_main [0x2a28a] in libc.so.6
=========         Host Frame: _start [0x2a04ad] in python
=========         Host Frame: get_compute_capability_major_minor in cuda.py:163
=========         Host Frame: detect_gpu_arch in env_manager.py:234
=========         Host Frame: arch in env_manager.py:709
=========         Host Frame: apply_envar_settings in compiler.py:1063
=========         Host Frame: _prepare_compilation in dsl.py:2896
=========         Host Frame: _func_impl in dsl.py:2955
=========         Host Frame: _func in dsl.py:2938
=========         Host Frame: _compile in compiler.py:1609
=========         Host Frame: __call__ in compiler.py:1446
=========         Host Frame: compile_probe in test_lpt_scheduler.py:144
=========         Host Frame: test_exhaustion_does_not_read_metadata in test_lpt_scheduler.py:248
=========         Host Frame: pytest_pyfunc_call in python.py:167
=========         Host Frame: _multicall in _callers.py:121
=========         Host Frame: _hookexec in _manager.py:120
=========         Host Frame: __call__ in _hooks.py:512
=========         Host Frame: runtest in python.py:1707
=========         Host Frame: pytest_runtest_call in runner.py:184
=========         Host Frame: _multicall in _callers.py:121
=========         Host Frame: _hookexec in _manager.py:120
=========         Host Frame: __call__ in _hooks.py:512
=========         Host Frame: <lambda> in runner.py:250
=========         Host Frame: from_call in runner.py:361
=========         Host Frame: call_and_report in runner.py:249
=========         Host Frame: runtestprotocol in runner.py:139
=========         Host Frame: pytest_runtest_protocol in runner.py:118
=========         Host Frame: _multicall in _callers.py:121
=========         Host Frame: _hookexec in _manager.py:120
=========         Host Frame: __call__ in _hooks.py:512
=========         Host Frame: pytest_runtestloop in main.py:408
=========         Host Frame: _multicall in _callers.py:121
=========         Host Frame: _hookexec in _manager.py:120
=========         Host Frame: __call__ in _hooks.py:512
=========         Host Frame: _main in main.py:384
=========         Host Frame: wrap_session in main.py:330
=========         Host Frame: pytest_cmdline_main in main.py:377
=========         Host Frame: _multicall in _callers.py:121
=========         Host Frame: _hookexec in _manager.py:120
=========         Host Frame: __call__ in _hooks.py:512
=========         Host Frame: _main in __init__.py:229
=========         Host Frame: main in __init__.py:201
========= 
========= Program hit CUDA_ERROR_INVALID_VALUE (error 1) due to "invalid argument" on CUDA API call to cuGetProcAddress_v2.
=========     Saved host backtrace up to driver entry point at error
=========         Host Frame:  [0x10bee] in driver.cpython-312-x86_64-linux-gnu.so
=========         Host Frame:  [0x24d84] in driver.cpython-312-x86_64-linux-gnu.so
=========         Host Frame:  [0x150f9] in cydriver.cpython-312-x86_64-linux-gnu.so
=========         Host Frame:  [0x4ecd5d] in driver.cpython-312-x86_64-linux-gnu.so
=========         Host Frame: PyObject_Vectorcall in call.c:325 [0x214e0d] in python
=========         Host Frame: _PyEval_EvalFrameDefault in bytecodes.c:2715 [0x1ffb14] in python
=========         Host Frame: PyObject_CallOneArg in call.c:401 [0x22cd34] in python
=========         Host Frame: _PyObject_GenericGetAttrWithDict in object.c:1447 [0x21da35] in python
=========         Host Frame: PyObject_GetAttr in object.c:1060 [0x1f7e00] in python
=========         Host Frame: _PyEval_EvalFrameDefault in bytecodes.c:1802 [0x200556] in python
=========         Host Frame: _PyObject_VectorcallTstate.lto_priv.14 in pycore_call.h:92 [0x249612] in python
=========         Host Frame: method_vectorcall in classobject.c:61 [0x2491bd] in python
=========         Host Frame: _PyObject_Call in call.c:354 [0x231daa] in python
=========         Host Frame: _PyEval_EvalFrameDefault in bytecodes.c:3263 [0x203a55] in python
=========         Host Frame: _PyObject_VectorcallTstate.lto_priv.14 in pycore_call.h:92 [0x249612] in python
=========         Host Frame: method_vectorcall in classobject.c:61 [0x2491bd] in python
=========         Host Frame: _PyObject_Call in call.c:354 [0x231daa] in python
=========         Host Frame: _PyEval_EvalFrameDefault in bytecodes.c:3263 [0x203a55] in python
=========         Host Frame: _PyObject_VectorcallTstate.lto_priv.14 in pycore_call.h:92 [0x249612] in python
=========         Host Frame: method_vectorcall in classobject.c:61 [0x2491bd] in python
=========         Host Frame: _PyObject_Call in call.c:354 [0x231daa] in python
=========         Host Frame: _PyEval_EvalFrameDefault in bytecodes.c:3263 [0x203a55] in python
=========         Host Frame: _PyObject_VectorcallTstate.lto_priv.14 in pycore_call.h:92 [0x249612] in python
=========         Host Frame: method_vectorcall in classobject.c:61 [0x2491bd] in python
=========         Host Frame: _PyObject_Call in call.c:354 [0x231daa] in python
=========         Host Frame: _PyEval_EvalFrameDefault in bytecodes.c:3263 [0x203a55] in python
=========         Host Frame: _PyObject_FastCallDictTstate in call.c:144 [0x1f8592] in python
=========         Host Frame: _PyObject_Call_Prepend in call.c:508 [0x22f2e6] in python
=========         Host Frame: slot_tp_call in typeobject.c:8791 [0x300ed8] in python
=========         Host Frame: _PyObject_MakeTpCall in call.c:240 [0x1f586a] in python
=========         Host Frame: _PyEval_EvalFrameDefault in bytecodes.c:2715 [0x1ffb14] in python
=========         Host Frame: infinite_lru_cache_wrapper in _functoolsmodule.c:918 [0x342560] in python
=========         Host Frame: _PyObject_MakeTpCall in call.c:240 [0x1f586a] in python
=========         Host Frame: _PyEval_EvalFrameDefault in bytecodes.c:2715 [0x1ffb14] in python
=========         Host Frame: _PyObject_FastCallDictTstate in call.c:144 [0x1f8592] in python
=========         Host Frame: _PyObject_Call_Prepend in call.c:508 [0x22f266] in python
=========         Host Frame: slot_tp_call in typeobject.c:8791 [0x300ed8] in python
=========         Host Frame: _PyObject_MakeTpCall in call.c:240 [0x1f586a] in python
=========         Host Frame: _PyEval_EvalFrameDefault in bytecodes.c:2715 [0x1ffb14] in python
=========         Host Frame: _PyObject_FastCallDictTstate in call.c:144 [0x1f8592] in python
=========         Host Frame: _PyObject_Call_Prepend in call.c:508 [0x22f266] in python
=========         Host Frame: slot_tp_call in typeobject.c:8791 [0x300ed8] in python
=========         Host Frame: _PyObject_Call in call.c:367 [0x231d34] in python
=========         Host Frame: _PyEval_EvalFrameDefault in bytecodes.c:3263 [0x203a55] in python
=========         Host Frame: _PyObject_FastCallDictTstate in call.c:144 [0x1f8592] in python
=========         Host Frame: _PyObject_Call_Prepend in call.c:508 [0x22f266] in python
=========         Host Frame: slot_tp_call in typeobject.c:8791 [0x300ed8] in python
=========         Host Frame: _PyObject_MakeTpCall in call.c:240 [0x1f586a] in python
=========         Host Frame: _PyEval_EvalFrameDefault in bytecodes.c:2715 [0x1ffb14] in python
=========         Host Frame: _PyObject_FastCallDictTstate in call.c:144 [0x1f8592] in python
=========         Host Frame: _PyObject_Call_Prepend in call.c:508 [0x22f266] in python
=========         Host Frame: slot_tp_call in typeobject.c:8791 [0x300ed8] in python
=========         Host Frame: _PyObject_MakeTpCall in call.c:240 [0x1f586a] in python
=========         Host Frame: _PyEval_EvalFrameDefault in bytecodes.c:2715 [0x1ffb14] in python
=========         Host Frame: _PyObject_FastCallDictTstate in call.c:144 [0x1f8592] in python
=========         Host Frame: _PyObject_Call_Prepend in call.c:508 [0x22f266] in python
=========         Host Frame: slot_tp_call in typeobject.c:8791 [0x300ed8] in python
=========         Host Frame: _PyObject_MakeTpCall in call.c:240 [0x1f586a] in python
=========         Host Frame: _PyEval_EvalFrameDefault in bytecodes.c:2715 [0x1ffb14] in python
=========         Host Frame: PyEval_EvalCode in ceval.c:580 [0x2b893c] in python
=========         Host Frame: run_eval_code_obj in pythonrun.c:1757 [0x2f4639] in python
=========         Host Frame: run_mod in pythonrun.c:1778 [0x2ef2a4] in python
=========         Host Frame: pyrun_file in pythonrun.c:1674 [0x2ec26f] in python
=========         Host Frame: _PyRun_SimpleFileObject in pythonrun.c:459 [0x2ebee5] in python
=========         Host Frame: _PyRun_AnyFileObject in pythonrun.c:78 [0x2ebcc3] in python
=========         Host Frame: Py_RunMain in main.c:714 [0x2e853d] in python
=========         Host Frame: Py_BytesMain in main.c:768 [0x2a0636] in python
=========         Host Frame:  [0x2a1c9] in libc.so.6
=========         Host Frame: __libc_start_main [0x2a28a] in libc.so.6
=========         Host Frame: _start [0x2a04ad] in python
=========         Host Frame: get_compute_capability_major_minor in cuda.py:163
=========         Host Frame: detect_gpu_arch in env_manager.py:234
=========         Host Frame: arch in env_manager.py:709
=========         Host Frame: apply_envar_settings in compiler.py:1063
=========         Host Frame: _prepare_compilation in dsl.py:2896
=========         Host Frame: _func_impl in dsl.py:2955
=========         Host Frame: _func in dsl.py:2938
=========         Host Frame: _compile in compiler.py:1609
=========         Host Frame: __call__ in compiler.py:1446
=========         Host Frame: compile_probe in test_lpt_scheduler.py:144
=========         Host Frame: test_exhaustion_does_not_read_metadata in test_lpt_scheduler.py:248
=========         Host Frame: pytest_pyfunc_call in python.py:167
=========         Host Frame: _multicall in _callers.py:121
=========         Host Frame: _hookexec in _manager.py:120
=========         Host Frame: __call__ in _hooks.py:512
=========         Host Frame: runtest in python.py:1707
=========         Host Frame: pytest_runtest_call in runner.py:184
=========         Host Frame: _multicall in _callers.py:121
=========         Host Frame: _hookexec in _manager.py:120
=========         Host Frame: __call__ in _hooks.py:512
=========         Host Frame: <lambda> in runner.py:250
=========         Host Frame: from_call in runner.py:361
=========         Host Frame: call_and_report in runner.py:249
=========         Host Frame: runtestprotocol in runner.py:139
=========         Host Frame: pytest_runtest_protocol in runner.py:118
=========         Host Frame: _multicall in _callers.py:121
=========         Host Frame: _hookexec in _manager.py:120
=========         Host Frame: __call__ in _hooks.py:512
=========         Host Frame: pytest_runtestloop in main.py:408
=========         Host Frame: _multicall in _callers.py:121
=========         Host Frame: _hookexec in _manager.py:120
=========         Host Frame: __call__ in _hooks.py:512
=========         Host Frame: _main in main.py:384
=========         Host Frame: wrap_session in main.py:330
=========         Host Frame: pytest_cmdline_main in main.py:377
=========         Host Frame: _multicall in _callers.py:121
=========         Host Frame: _hookexec in _manager.py:120
=========         Host Frame: __call__ in _hooks.py:512
=========         Host Frame: _main in __init__.py:229
=========         Host Frame: main in __init__.py:201
========= 
========= Program hit CUDA_ERROR_INVALID_VALUE (error 1) due to "invalid argument" on CUDA API call to cuGetProcAddress_v2.
=========     Saved host backtrace up to driver entry point at error
=========         Host Frame:  [0x10c14] in driver.cpython-312-x86_64-linux-gnu.so
=========         Host Frame:  [0x24d84] in driver.cpython-312-x86_64-linux-gnu.so
=========         Host Frame:  [0x150f9] in cydriver.cpython-312-x86_64-linux-gnu.so
=========         Host Frame:  [0x4ecd5d] in driver.cpython-312-x86_64-linux-gnu.so
=========         Host Frame: PyObject_Vectorcall in call.c:325 [0x214e0d] in python
=========         Host Frame: _PyEval_EvalFrameDefault in bytecodes.c:2715 [0x1ffb14] in python
=========         Host Frame: PyObject_CallOneArg in call.c:401 [0x22cd34] in python
=========         Host Frame: _PyObject_GenericGetAttrWithDict in object.c:1447 [0x21da35] in python
=========         Host Frame: PyObject_GetAttr in object.c:1060 [0x1f7e00] in python
=========         Host Frame: _PyEval_EvalFrameDefault in bytecodes.c:1802 [0x200556] in python
=========         Host Frame: _PyObject_VectorcallTstate.lto_priv.14 in pycore_call.h:92 [0x249612] in python
=========         Host Frame: method_vectorcall in classobject.c:61 [0x2491bd] in python
=========         Host Frame: _PyObject_Call in call.c:354 [0x231daa] in python
=========         Host Frame: _PyEval_EvalFrameDefault in bytecodes.c:3263 [0x203a55] in python
=========         Host Frame: _PyObject_VectorcallTstate.lto_priv.14 in pycore_call.h:92 [0x249612] in python
=========         Host Frame: method_vectorcall in classobject.c:61 [0x2491bd] in python
=========         Host Frame: _PyObject_Call in call.c:354 [0x231daa] in python
=========         Host Frame: _PyEval_EvalFrameDefault in bytecodes.c:3263 [0x203a55] in python
=========         Host Frame: _PyObject_VectorcallTstate.lto_priv.14 in pycore_call.h:92 [0x249612] in python
=========         Host Frame: method_vectorcall in classobject.c:61 [0x2491bd] in python
=========         Host Frame: _PyObject_Call in call.c:354 [0x231daa] in python
=========         Host Frame: _PyEval_EvalFrameDefault in bytecodes.c:3263 [0x203a55] in python
=========         Host Frame: _PyObject_VectorcallTstate.lto_priv.14 in pycore_call.h:92 [0x249612] in python
=========         Host Frame: method_vectorcall in classobject.c:61 [0x2491bd] in python
=========         Host Frame: _PyObject_Call in call.c:354 [0x231daa] in python
=========         Host Frame: _PyEval_EvalFrameDefault in bytecodes.c:3263 [0x203a55] in python
=========         Host Frame: _PyObject_FastCallDictTstate in call.c:144 [0x1f8592] in python
=========         Host Frame: _PyObject_Call_Prepend in call.c:508 [0x22f2e6] in python
=========         Host Frame: slot_tp_call in typeobject.c:8791 [0x300ed8] in python
=========         Host Frame: _PyObject_MakeTpCall in call.c:240 [0x1f586a] in python
=========         Host Frame: _PyEval_EvalFrameDefault in bytecodes.c:2715 [0x1ffb14] in python
=========         Host Frame: infinite_lru_cache_wrapper in _functoolsmodule.c:918 [0x342560] in python
=========         Host Frame: _PyObject_MakeTpCall in call.c:240 [0x1f586a] in python
=========         Host Frame: _PyEval_EvalFrameDefault in bytecodes.c:2715 [0x1ffb14] in python
=========         Host Frame: _PyObject_FastCallDictTstate in call.c:144 [0x1f8592] in python
=========         Host Frame: _PyObject_Call_Prepend in call.c:508 [0x22f266] in python
=========         Host Frame: slot_tp_call in typeobject.c:8791 [0x300ed8] in python
=========         Host Frame: _PyObject_MakeTpCall in call.c:240 [0x1f586a] in python
=========         Host Frame: _PyEval_EvalFrameDefault in bytecodes.c:2715 [0x1ffb14] in python
=========         Host Frame: _PyObject_FastCallDictTstate in call.c:144 [0x1f8592] in python
=========         Host Frame: _PyObject_Call_Prepend in call.c:508 [0x22f266] in python
=========         Host Frame: slot_tp_call in typeobject.c:8791 [0x300ed8] in python
=========         Host Frame: _PyObject_Call in call.c:367 [0x231d34] in python
=========         Host Frame: _PyEval_EvalFrameDefault in bytecodes.c:3263 [0x203a55] in python
=========         Host Frame: _PyObject_FastCallDictTstate in call.c:144 [0x1f8592] in python
=========         Host Frame: _PyObject_Call_Prepend in call.c:508 [0x22f266] in python
=========         Host Frame: slot_tp_call in typeobject.c:8791 [0x300ed8] in python
=========         Host Frame: _PyObject_MakeTpCall in call.c:240 [0x1f586a] in python
=========         Host Frame: _PyEval_EvalFrameDefault in bytecodes.c:2715 [0x1ffb14] in python
=========         Host Frame: _PyObject_FastCallDictTstate in call.c:144 [0x1f8592] in python
=========         Host Frame: _PyObject_Call_Prepend in call.c:508 [0x22f266] in python
=========         Host Frame: slot_tp_call in typeobject.c:8791 [0x300ed8] in python
=========         Host Frame: _PyObject_MakeTpCall in call.c:240 [0x1f586a] in python
=========         Host Frame: _PyEval_EvalFrameDefault in bytecodes.c:2715 [0x1ffb14] in python
=========         Host Frame: _PyObject_FastCallDictTstate in call.c:144 [0x1f8592] in python
=========         Host Frame: _PyObject_Call_Prepend in call.c:508 [0x22f266] in python
=========         Host Frame: slot_tp_call in typeobject.c:8791 [0x300ed8] in python
=========         Host Frame: _PyObject_MakeTpCall in call.c:240 [0x1f586a] in python
=========         Host Frame: _PyEval_EvalFrameDefault in bytecodes.c:2715 [0x1ffb14] in python
=========         Host Frame: PyEval_EvalCode in ceval.c:580 [0x2b893c] in python
=========         Host Frame: run_eval_code_obj in pythonrun.c:1757 [0x2f4639] in python
=========         Host Frame: run_mod in pythonrun.c:1778 [0x2ef2a4] in python
=========         Host Frame: pyrun_file in pythonrun.c:1674 [0x2ec26f] in python
=========         Host Frame: _PyRun_SimpleFileObject in pythonrun.c:459 [0x2ebee5] in python
=========         Host Frame: _PyRun_AnyFileObject in pythonrun.c:78 [0x2ebcc3] in python
=========         Host Frame: Py_RunMain in main.c:714 [0x2e853d] in python
=========         Host Frame: Py_BytesMain in main.c:768 [0x2a0636] in python
=========         Host Frame:  [0x2a1c9] in libc.so.6
=========         Host Frame: __libc_start_main [0x2a28a] in libc.so.6
=========         Host Frame: _start [0x2a04ad] in python
=========         Host Frame: get_compute_capability_major_minor in cuda.py:163
=========         Host Frame: detect_gpu_arch in env_manager.py:234
=========         Host Frame: arch in env_manager.py:709
=========         Host Frame: apply_envar_settings in compiler.py:1063
=========         Host Frame: _prepare_compilation in dsl.py:2896
=========         Host Frame: _func_impl in dsl.py:2955
=========         Host Frame: _func in dsl.py:2938
=========         Host Frame: _compile in compiler.py:1609
=========         Host Frame: __call__ in compiler.py:1446
=========         Host Frame: compile_probe in test_lpt_scheduler.py:144
=========         Host Frame: test_exhaustion_does_not_read_metadata in test_lpt_scheduler.py:248
=========         Host Frame: pytest_pyfunc_call in python.py:167
=========         Host Frame: _multicall in _callers.py:121
=========         Host Frame: _hookexec in _manager.py:120
=========         Host Frame: __call__ in _hooks.py:512
=========         Host Frame: runtest in python.py:1707
=========         Host Frame: pytest_runtest_call in runner.py:184
=========         Host Frame: _multicall in _callers.py:121
=========         Host Frame: _hookexec in _manager.py:120
=========         Host Frame: __call__ in _hooks.py:512
=========         Host Frame: <lambda> in runner.py:250
=========         Host Frame: from_call in runner.py:361
=========         Host Frame: call_and_report in runner.py:249
=========         Host Frame: runtestprotocol in runner.py:139
=========         Host Frame: pytest_runtest_protocol in runner.py:118
=========         Host Frame: _multicall in _callers.py:121
=========         Host Frame: _hookexec in _manager.py:120
=========         Host Frame: __call__ in _hooks.py:512
=========         Host Frame: pytest_runtestloop in main.py:408
=========         Host Frame: _multicall in _callers.py:121
=========         Host Frame: _hookexec in _manager.py:120
=========         Host Frame: __call__ in _hooks.py:512
=========         Host Frame: _main in main.py:384
=========         Host Frame: wrap_session in main.py:330
=========         Host Frame: pytest_cmdline_main in main.py:377
=========         Host Frame: _multicall in _callers.py:121
=========         Host Frame: _hookexec in _manager.py:120
=========         Host Frame: __call__ in _hooks.py:512
=========         Host Frame: _main in __init__.py:229
=========         Host Frame: main in __init__.py:201
========= 
========= Program hit CUDA_ERROR_INVALID_VALUE (error 1) due to "invalid argument" on CUDA API call to cuGetProcAddress_v2.
=========     Saved host backtrace up to driver entry point at error
=========         Host Frame:  [0x10c3a] in driver.cpython-312-x86_64-linux-gnu.so
=========         Host Frame:  [0x24d84] in driver.cpython-312-x86_64-linux-gnu.so
=========         Host Frame:  [0x150f9] in cydriver.cpython-312-x86_64-linux-gnu.so
=========         Host Frame:  [0x4ecd5d] in driver.cpython-312-x86_64-linux-gnu.so
=========         Host Frame: PyObject_Vectorcall in call.c:325 [0x214e0d] in python
=========         Host Frame: _PyEval_EvalFrameDefault in bytecodes.c:2715 [0x1ffb14] in python
=========         Host Frame: PyObject_CallOneArg in call.c:401 [0x22cd34] in python
=========         Host Frame: _PyObject_GenericGetAttrWithDict in object.c:1447 [0x21da35] in python
=========         Host Frame: PyObject_GetAttr in object.c:1060 [0x1f7e00] in python
=========         Host Frame: _PyEval_EvalFrameDefault in bytecodes.c:1802 [0x200556] in python
=========         Host Frame: _PyObject_VectorcallTstate.lto_priv.14 in pycore_call.h:92 [0x249612] in python
=========         Host Frame: method_vectorcall in classobject.c:61 [0x2491bd] in python
=========         Host Frame: _PyObject_Call in call.c:354 [0x231daa] in python
=========         Host Frame: _PyEval_EvalFrameDefault in bytecodes.c:3263 [0x203a55] in python
=========         Host Frame: _PyObject_VectorcallTstate.lto_priv.14 in pycore_call.h:92 [0x249612] in python
=========         Host Frame: method_vectorcall in classobject.c:61 [0x2491bd] in python
=========         Host Frame: _PyObject_Call in call.c:354 [0x231daa] in python
=========         Host Frame: _PyEval_EvalFrameDefault in bytecodes.c:3263 [0x203a55] in python
=========         Host Frame: _PyObject_VectorcallTstate.lto_priv.14 in pycore_call.h:92 [0x249612] in python
=========         Host Frame: method_vectorcall in classobject.c:61 [0x2491bd] in python
=========         Host Frame: _PyObject_Call in call.c:354 [0x231daa] in python
=========         Host Frame: _PyEval_EvalFrameDefault in bytecodes.c:3263 [0x203a55] in python
=========         Host Frame: _PyObject_VectorcallTstate.lto_priv.14 in pycore_call.h:92 [0x249612] in python
=========         Host Frame: method_vectorcall in classobject.c:61 [0x2491bd] in python
=========         Host Frame: _PyObject_Call in call.c:354 [0x231daa] in python
=========         Host Frame: _PyEval_EvalFrameDefault in bytecodes.c:3263 [0x203a55] in python
=========         Host Frame: _PyObject_FastCallDictTstate in call.c:144 [0x1f8592] in python
=========         Host Frame: _PyObject_Call_Prepend in call.c:508 [0x22f2e6] in python
=========         Host Frame: slot_tp_call in typeobject.c:8791 [0x300ed8] in python
=========         Host Frame: _PyObject_MakeTpCall in call.c:240 [0x1f586a] in python
=========         Host Frame: _PyEval_EvalFrameDefault in bytecodes.c:2715 [0x1ffb14] in python
=========         Host Frame: infinite_lru_cache_wrapper in _functoolsmodule.c:918 [0x342560] in python
=========         Host Frame: _PyObject_MakeTpCall in call.c:240 [0x1f586a] in python
=========         Host Frame: _PyEval_EvalFrameDefault in bytecodes.c:2715 [0x1ffb14] in python
=========         Host Frame: _PyObject_FastCallDictTstate in call.c:144 [0x1f8592] in python
=========         Host Frame: _PyObject_Call_Prepend in call.c:508 [0x22f266] in python
=========         Host Frame: slot_tp_call in typeobject.c:8791 [0x300ed8] in python
=========         Host Frame: _PyObject_MakeTpCall in call.c:240 [0x1f586a] in python
=========         Host Frame: _PyEval_EvalFrameDefault in bytecodes.c:2715 [0x1ffb14] in python
=========         Host Frame: _PyObject_FastCallDictTstate in call.c:144 [0x1f8592] in python
=========         Host Frame: _PyObject_Call_Prepend in call.c:508 [0x22f266] in python
=========         Host Frame: slot_tp_call in typeobject.c:8791 [0x300ed8] in python
=========         Host Frame: _PyObject_Call in call.c:367 [0x231d34] in python
=========         Host Frame: _PyEval_EvalFrameDefault in bytecodes.c:3263 [0x203a55] in python
=========         Host Frame: _PyObject_FastCallDictTstate in call.c:144 [0x1f8592] in python
=========         Host Frame: _PyObject_Call_Prepend in call.c:508 [0x22f266] in python
=========         Host Frame: slot_tp_call in typeobject.c:8791 [0x300ed8] in python
=========         Host Frame: _PyObject_MakeTpCall in call.c:240 [0x1f586a] in python
=========         Host Frame: _PyEval_EvalFrameDefault in bytecodes.c:2715 [0x1ffb14] in python
=========         Host Frame: _PyObject_FastCallDictTstate in call.c:144 [0x1f8592] in python
=========         Host Frame: _PyObject_Call_Prepend in call.c:508 [0x22f266] in python
=========         Host Frame: slot_tp_call in typeobject.c:8791 [0x300ed8] in python
=========         Host Frame: _PyObject_MakeTpCall in call.c:240 [0x1f586a] in python
=========         Host Frame: _PyEval_EvalFrameDefault in bytecodes.c:2715 [0x1ffb14] in python
=========         Host Frame: _PyObject_FastCallDictTstate in call.c:144 [0x1f8592] in python
=========         Host Frame: _PyObject_Call_Prepend in call.c:508 [0x22f266] in python
=========         Host Frame: slot_tp_call in typeobject.c:8791 [0x300ed8] in python
=========         Host Frame: _PyObject_MakeTpCall in call.c:240 [0x1f586a] in python
=========         Host Frame: _PyEval_EvalFrameDefault in bytecodes.c:2715 [0x1ffb14] in python
=========         Host Frame: PyEval_EvalCode in ceval.c:580 [0x2b893c] in python
=========         Host Frame: run_eval_code_obj in pythonrun.c:1757 [0x2f4639] in python
=========         Host Frame: run_mod in pythonrun.c:1778 [0x2ef2a4] in python
=========         Host Frame: pyrun_file in pythonrun.c:1674 [0x2ec26f] in python
=========         Host Frame: _PyRun_SimpleFileObject in pythonrun.c:459 [0x2ebee5] in python
=========         Host Frame: _PyRun_AnyFileObject in pythonrun.c:78 [0x2ebcc3] in python
=========         Host Frame: Py_RunMain in main.c:714 [0x2e853d] in python
=========         Host Frame: Py_BytesMain in main.c:768 [0x2a0636] in python
=========         Host Frame:  [0x2a1c9] in libc.so.6
=========         Host Frame: __libc_start_main [0x2a28a] in libc.so.6
=========         Host Frame: _start [0x2a04ad] in python
=========         Host Frame: get_compute_capability_major_minor in cuda.py:163
=========         Host Frame: detect_gpu_arch in env_manager.py:234
=========         Host Frame: arch in env_manager.py:709
=========         Host Frame: apply_envar_settings in compiler.py:1063
=========         Host Frame: _prepare_compilation in dsl.py:2896
=========         Host Frame: _func_impl in dsl.py:2955
=========         Host Frame: _func in dsl.py:2938
=========         Host Frame: _compile in compiler.py:1609
=========         Host Frame: __call__ in compiler.py:1446
=========         Host Frame: compile_probe in test_lpt_scheduler.py:144
=========         Host Frame: test_exhaustion_does_not_read_metadata in test_lpt_scheduler.py:248
=========         Host Frame: pytest_pyfunc_call in python.py:167
=========         Host Frame: _multicall in _callers.py:121
=========         Host Frame: _hookexec in _manager.py:120
=========         Host Frame: __call__ in _hooks.py:512
=========         Host Frame: runtest in python.py:1707
=========         Host Frame: pytest_runtest_call in runner.py:184
=========         Host Frame: _multicall in _callers.py:121
=========         Host Frame: _hookexec in _manager.py:120
=========         Host Frame: __call__ in _hooks.py:512
=========         Host Frame: <lambda> in runner.py:250
=========         Host Frame: from_call in runner.py:361
=========         Host Frame: call_and_report in runner.py:249
=========         Host Frame: runtestprotocol in runner.py:139
=========         Host Frame: pytest_runtest_protocol in runner.py:118
=========         Host Frame: _multicall in _callers.py:121
=========         Host Frame: _hookexec in _manager.py:120
=========         Host Frame: __call__ in _hooks.py:512
=========         Host Frame: pytest_runtestloop in main.py:408
=========         Host Frame: _multicall in _callers.py:121
=========         Host Frame: _hookexec in _manager.py:120
=========         Host Frame: __call__ in _hooks.py:512
=========         Host Frame: _main in main.py:384
=========         Host Frame: wrap_session in main.py:330
=========         Host Frame: pytest_cmdline_main in main.py:377
=========         Host Frame: _multicall in _callers.py:121
=========         Host Frame: _hookexec in _manager.py:120
=========         Host Frame: __call__ in _hooks.py:512
=========         Host Frame: _main in __init__.py:229
=========         Host Frame: main in __init__.py:201
========= 
========= Program hit CUDA_ERROR_INVALID_VALUE (error 1) due to "invalid argument" on CUDA API call to cuGetProcAddress_v2.
=========     Saved host backtrace up to driver entry point at error
=========         Host Frame:  [0x10c60] in driver.cpython-312-x86_64-linux-gnu.so
=========         Host Frame:  [0x24d84] in driver.cpython-312-x86_64-linux-gnu.so
=========         Host Frame:  [0x150f9] in cydriver.cpython-312-x86_64-linux-gnu.so
=========         Host Frame:  [0x4ecd5d] in driver.cpython-312-x86_64-linux-gnu.so
=========         Host Frame: PyObject_Vectorcall in call.c:325 [0x214e0d] in python
=========         Host Frame: _PyEval_EvalFrameDefault in bytecodes.c:2715 [0x1ffb14] in python
=========         Host Frame: PyObject_CallOneArg in call.c:401 [0x22cd34] in python
=========         Host Frame: _PyObject_GenericGetAttrWithDict in object.c:1447 [0x21da35] in python
=========         Host Frame: PyObject_GetAttr in object.c:1060 [0x1f7e00] in python
=========         Host Frame: _PyEval_EvalFrameDefault in bytecodes.c:1802 [0x200556] in python
=========         Host Frame: _PyObject_VectorcallTstate.lto_priv.14 in pycore_call.h:92 [0x249612] in python
=========         Host Frame: method_vectorcall in classobject.c:61 [0x2491bd] in python
=========         Host Frame: _PyObject_Call in call.c:354 [0x231daa] in python
=========         Host Frame: _PyEval_EvalFrameDefault in bytecodes.c:3263 [0x203a55] in python
=========         Host Frame: _PyObject_VectorcallTstate.lto_priv.14 in pycore_call.h:92 [0x249612] in python
=========         Host Frame: method_vectorcall in classobject.c:61 [0x2491bd] in python
=========         Host Frame: _PyObject_Call in call.c:354 [0x231daa] in python
=========         Host Frame: _PyEval_EvalFrameDefault in bytecodes.c:3263 [0x203a55] in python
=========         Host Frame: _PyObject_VectorcallTstate.lto_priv.14 in pycore_call.h:92 [0x249612] in python
=========         Host Frame: method_vectorcall in classobject.c:61 [0x2491bd] in python
=========         Host Frame: _PyObject_Call in call.c:354 [0x231daa] in python
=========         Host Frame: _PyEval_EvalFrameDefault in bytecodes.c:3263 [0x203a55] in python
=========         Host Frame: _PyObject_VectorcallTstate.lto_priv.14 in pycore_call.h:92 [0x249612] in python
=========         Host Frame: method_vectorcall in classobject.c:61 [0x2491bd] in python
=========         Host Frame: _PyObject_Call in call.c:354 [0x231daa] in python
=========         Host Frame: _PyEval_EvalFrameDefault in bytecodes.c:3263 [0x203a55] in python
=========         Host Frame: _PyObject_FastCallDictTstate in call.c:144 [0x1f8592] in python
=========         Host Frame: _PyObject_Call_Prepend in call.c:508 [0x22f2e6] in python
=========         Host Frame: slot_tp_call in typeobject.c:8791 [0x300ed8] in python
=========         Host Frame: _PyObject_MakeTpCall in call.c:240 [0x1f586a] in python
=========         Host Frame: _PyEval_EvalFrameDefault in bytecodes.c:2715 [0x1ffb14] in python
=========         Host Frame: infinite_lru_cache_wrapper in _functoolsmodule.c:918 [0x342560] in python
=========         Host Frame: _PyObject_MakeTpCall in call.c:240 [0x1f586a] in python
=========         Host Frame: _PyEval_EvalFrameDefault in bytecodes.c:2715 [0x1ffb14] in python
=========         Host Frame: _PyObject_FastCallDictTstate in call.c:144 [0x1f8592] in python
=========         Host Frame: _PyObject_Call_Prepend in call.c:508 [0x22f266] in python
=========         Host Frame: slot_tp_call in typeobject.c:8791 [0x300ed8] in python
=========         Host Frame: _PyObject_MakeTpCall in call.c:240 [0x1f586a] in python
=========         Host Frame: _PyEval_EvalFrameDefault in bytecodes.c:2715 [0x1ffb14] in python
=========         Host Frame: _PyObject_FastCallDictTstate in call.c:144 [0x1f8592] in python
=========         Host Frame: _PyObject_Call_Prepend in call.c:508 [0x22f266] in python
=========         Host Frame: slot_tp_call in typeobject.c:8791 [0x300ed8] in python
=========         Host Frame: _PyObject_Call in call.c:367 [0x231d34] in python
=========         Host Frame: _PyEval_EvalFrameDefault in bytecodes.c:3263 [0x203a55] in python
=========         Host Frame: _PyObject_FastCallDictTstate in call.c:144 [0x1f8592] in python
=========         Host Frame: _PyObject_Call_Prepend in call.c:508 [0x22f266] in python
=========         Host Frame: slot_tp_call in typeobject.c:8791 [0x300ed8] in python
=========         Host Frame: _PyObject_MakeTpCall in call.c:240 [0x1f586a] in python
=========         Host Frame: _PyEval_EvalFrameDefault in bytecodes.c:2715 [0x1ffb14] in python
=========         Host Frame: _PyObject_FastCallDictTstate in call.c:144 [0x1f8592] in python
=========         Host Frame: _PyObject_Call_Prepend in call.c:508 [0x22f266] in python
=========         Host Frame: slot_tp_call in typeobject.c:8791 [0x300ed8] in python
=========         Host Frame: _PyObject_MakeTpCall in call.c:240 [0x1f586a] in python
=========         Host Frame: _PyEval_EvalFrameDefault in bytecodes.c:2715 [0x1ffb14] in python
=========         Host Frame: _PyObject_FastCallDictTstate in call.c:144 [0x1f8592] in python
=========         Host Frame: _PyObject_Call_Prepend in call.c:508 [0x22f266] in python
=========         Host Frame: slot_tp_call in typeobject.c:8791 [0x300ed8] in python
=========         Host Frame: _PyObject_MakeTpCall in call.c:240 [0x1f586a] in python
=========         Host Frame: _PyEval_EvalFrameDefault in bytecodes.c:2715 [0x1ffb14] in python
=========         Host Frame: PyEval_EvalCode in ceval.c:580 [0x2b893c] in python
=========         Host Frame: run_eval_code_obj in pythonrun.c:1757 [0x2f4639] in python
=========         Host Frame: run_mod in pythonrun.c:1778 [0x2ef2a4] in python
=========         Host Frame: pyrun_file in pythonrun.c:1674 [0x2ec26f] in python
=========         Host Frame: _PyRun_SimpleFileObject in pythonrun.c:459 [0x2ebee5] in python
=========         Host Frame: _PyRun_AnyFileObject in pythonrun.c:78 [0x2ebcc3] in python
=========         Host Frame: Py_RunMain in main.c:714 [0x2e853d] in python
=========         Host Frame: Py_BytesMain in main.c:768 [0x2a0636] in python
=========         Host Frame:  [0x2a1c9] in libc.so.6
=========         Host Frame: __libc_start_main [0x2a28a] in libc.so.6
=========         Host Frame: _start [0x2a04ad] in python
=========         Host Frame: get_compute_capability_major_minor in cuda.py:163
=========         Host Frame: detect_gpu_arch in env_manager.py:234
=========         Host Frame: arch in env_manager.py:709
=========         Host Frame: apply_envar_settings in compiler.py:1063
=========         Host Frame: _prepare_compilation in dsl.py:2896
=========         Host Frame: _func_impl in dsl.py:2955
=========         Host Frame: _func in dsl.py:2938
=========         Host Frame: _compile in compiler.py:1609
=========         Host Frame: __call__ in compiler.py:1446
=========         Host Frame: compile_probe in test_lpt_scheduler.py:144
=========         Host Frame: test_exhaustion_does_not_read_metadata in test_lpt_scheduler.py:248
=========         Host Frame: pytest_pyfunc_call in python.py:167
=========         Host Frame: _multicall in _callers.py:121
=========         Host Frame: _hookexec in _manager.py:120
=========         Host Frame: __call__ in _hooks.py:512
=========         Host Frame: runtest in python.py:1707
=========         Host Frame: pytest_runtest_call in runner.py:184
=========         Host Frame: _multicall in _callers.py:121
=========         Host Frame: _hookexec in _manager.py:120
=========         Host Frame: __call__ in _hooks.py:512
=========         Host Frame: <lambda> in runner.py:250
=========         Host Frame: from_call in runner.py:361
=========         Host Frame: call_and_report in runner.py:249
=========         Host Frame: runtestprotocol in runner.py:139
=========         Host Frame: pytest_runtest_protocol in runner.py:118
=========         Host Frame: _multicall in _callers.py:121
=========         Host Frame: _hookexec in _manager.py:120
=========         Host Frame: __call__ in _hooks.py:512
=========         Host Frame: pytest_runtestloop in main.py:408
=========         Host Frame: _multicall in _callers.py:121
=========         Host Frame: _hookexec in _manager.py:120
=========         Host Frame: __call__ in _hooks.py:512
=========         Host Frame: _main in main.py:384
=========         Host Frame: wrap_session in main.py:330
=========         Host Frame: pytest_cmdline_main in main.py:377
=========         Host Frame: _multicall in _callers.py:121
=========         Host Frame: _hookexec in _manager.py:120
=========         Host Frame: __call__ in _hooks.py:512
=========         Host Frame: _main in __init__.py:229
=========         Host Frame: main in __init__.py:201
========= 
========= Program hit CUDA_ERROR_INVALID_VALUE (error 1) due to "invalid argument" on CUDA API call to cuGetProcAddress_v2.
=========     Saved host backtrace up to driver entry point at error
=========         Host Frame:  [0x10c86] in driver.cpython-312-x86_64-linux-gnu.so
=========         Host Frame:  [0x24d84] in driver.cpython-312-x86_64-linux-gnu.so
=========         Host Frame:  [0x150f9] in cydriver.cpython-312-x86_64-linux-gnu.so
=========         Host Frame:  [0x4ecd5d] in driver.cpython-312-x86_64-linux-gnu.so
=========         Host Frame: PyObject_Vectorcall in call.c:325 [0x214e0d] in python
=========         Host Frame: _PyEval_EvalFrameDefault in bytecodes.c:2715 [0x1ffb14] in python
=========         Host Frame: PyObject_CallOneArg in call.c:401 [0x22cd34] in python
=========         Host Frame: _PyObject_GenericGetAttrWithDict in object.c:1447 [0x21da35] in python
=========         Host Frame: PyObject_GetAttr in object.c:1060 [0x1f7e00] in python
=========         Host Frame: _PyEval_EvalFrameDefault in bytecodes.c:1802 [0x200556] in python
=========         Host Frame: _PyObject_VectorcallTstate.lto_priv.14 in pycore_call.h:92 [0x249612] in python
=========         Host Frame: method_vectorcall in classobject.c:61 [0x2491bd] in python
=========         Host Frame: _PyObject_Call in call.c:354 [0x231daa] in python
=========         Host Frame: _PyEval_EvalFrameDefault in bytecodes.c:3263 [0x203a55] in python
=========         Host Frame: _PyObject_VectorcallTstate.lto_priv.14 in pycore_call.h:92 [0x249612] in python
=========         Host Frame: method_vectorcall in classobject.c:61 [0x2491bd] in python
=========         Host Frame: _PyObject_Call in call.c:354 [0x231daa] in python
=========         Host Frame: _PyEval_EvalFrameDefault in bytecodes.c:3263 [0x203a55] in python
=========         Host Frame: _PyObject_VectorcallTstate.lto_priv.14 in pycore_call.h:92 [0x249612] in python
=========         Host Frame: method_vectorcall in classobject.c:61 [0x2491bd] in python
=========         Host Frame: _PyObject_Call in call.c:354 [0x231daa] in python
=========         Host Frame: _PyEval_EvalFrameDefault in bytecodes.c:3263 [0x203a55] in python
=========         Host Frame: _PyObject_VectorcallTstate.lto_priv.14 in pycore_call.h:92 [0x249612] in python
=========         Host Frame: method_vectorcall in classobject.c:61 [0x2491bd] in python
=========         Host Frame: _PyObject_Call in call.c:354 [0x231daa] in python
=========         Host Frame: _PyEval_EvalFrameDefault in bytecodes.c:3263 [0x203a55] in python
=========         Host Frame: _PyObject_FastCallDictTstate in call.c:144 [0x1f8592] in python
=========         Host Frame: _PyObject_Call_Prepend in call.c:508 [0x22f2e6] in python
=========         Host Frame: slot_tp_call in typeobject.c:8791 [0x300ed8] in python
=========         Host Frame: _PyObject_MakeTpCall in call.c:240 [0x1f586a] in python
=========         Host Frame: _PyEval_EvalFrameDefault in bytecodes.c:2715 [0x1ffb14] in python
=========         Host Frame: infinite_lru_cache_wrapper in _functoolsmodule.c:918 [0x342560] in python
=========         Host Frame: _PyObject_MakeTpCall in call.c:240 [0x1f586a] in python
=========         Host Frame: _PyEval_EvalFrameDefault in bytecodes.c:2715 [0x1ffb14] in python
=========         Host Frame: _PyObject_FastCallDictTstate in call.c:144 [0x1f8592] in python
=========         Host Frame: _PyObject_Call_Prepend in call.c:508 [0x22f266] in python
=========         Host Frame: slot_tp_call in typeobject.c:8791 [0x300ed8] in python
=========         Host Frame: _PyObject_MakeTpCall in call.c:240 [0x1f586a] in python
=========         Host Frame: _PyEval_EvalFrameDefault in bytecodes.c:2715 [0x1ffb14] in python
=========         Host Frame: _PyObject_FastCallDictTstate in call.c:144 [0x1f8592] in python
=========         Host Frame: _PyObject_Call_Prepend in call.c:508 [0x22f266] in python
=========         Host Frame: slot_tp_call in typeobject.c:8791 [0x300ed8] in python
=========         Host Frame: _PyObject_Call in call.c:367 [0x231d34] in python
=========         Host Frame: _PyEval_EvalFrameDefault in bytecodes.c:3263 [0x203a55] in python
=========         Host Frame: _PyObject_FastCallDictTstate in call.c:144 [0x1f8592] in python
=========         Host Frame: _PyObject_Call_Prepend in call.c:508 [0x22f266] in python
=========         Host Frame: slot_tp_call in typeobject.c:8791 [0x300ed8] in python
=========         Host Frame: _PyObject_MakeTpCall in call.c:240 [0x1f586a] in python
=========         Host Frame: _PyEval_EvalFrameDefault in bytecodes.c:2715 [0x1ffb14] in python
=========         Host Frame: _PyObject_FastCallDictTstate in call.c:144 [0x1f8592] in python
=========         Host Frame: _PyObject_Call_Prepend in call.c:508 [0x22f266] in python
=========         Host Frame: slot_tp_call in typeobject.c:8791 [0x300ed8] in python
=========         Host Frame: _PyObject_MakeTpCall in call.c:240 [0x1f586a] in python
=========         Host Frame: _PyEval_EvalFrameDefault in bytecodes.c:2715 [0x1ffb14] in python
=========         Host Frame: _PyObject_FastCallDictTstate in call.c:144 [0x1f8592] in python
=========         Host Frame: _PyObject_Call_Prepend in call.c:508 [0x22f266] in python
=========         Host Frame: slot_tp_call in typeobject.c:8791 [0x300ed8] in python
=========         Host Frame: _PyObject_MakeTpCall in call.c:240 [0x1f586a] in python
=========         Host Frame: _PyEval_EvalFrameDefault in bytecodes.c:2715 [0x1ffb14] in python
=========         Host Frame: PyEval_EvalCode in ceval.c:580 [0x2b893c] in python
=========         Host Frame: run_eval_code_obj in pythonrun.c:1757 [0x2f4639] in python
=========         Host Frame: run_mod in pythonrun.c:1778 [0x2ef2a4] in python
=========         Host Frame: pyrun_file in pythonrun.c:1674 [0x2ec26f] in python
=========         Host Frame: _PyRun_SimpleFileObject in pythonrun.c:459 [0x2ebee5] in python
=========         Host Frame: _PyRun_AnyFileObject in pythonrun.c:78 [0x2ebcc3] in python
=========         Host Frame: Py_RunMain in main.c:714 [0x2e853d] in python
=========         Host Frame: Py_BytesMain in main.c:768 [0x2a0636] in python
=========         Host Frame:  [0x2a1c9] in libc.so.6
=========         Host Frame: __libc_start_main [0x2a28a] in libc.so.6
=========         Host Frame: _start [0x2a04ad] in python
=========         Host Frame: get_compute_capability_major_minor in cuda.py:163
=========         Host Frame: detect_gpu_arch in env_manager.py:234
=========         Host Frame: arch in env_manager.py:709
=========         Host Frame: apply_envar_settings in compiler.py:1063
=========         Host Frame: _prepare_compilation in dsl.py:2896
=========         Host Frame: _func_impl in dsl.py:2955
=========         Host Frame: _func in dsl.py:2938
=========         Host Frame: _compile in compiler.py:1609
=========         Host Frame: __call__ in compiler.py:1446
=========         Host Frame: compile_probe in test_lpt_scheduler.py:144
=========         Host Frame: test_exhaustion_does_not_read_metadata in test_lpt_scheduler.py:248
=========         Host Frame: pytest_pyfunc_call in python.py:167
=========         Host Frame: _multicall in _callers.py:121
=========         Host Frame: _hookexec in _manager.py:120
=========         Host Frame: __call__ in _hooks.py:512
=========         Host Frame: runtest in python.py:1707
=========         Host Frame: pytest_runtest_call in runner.py:184
=========         Host Frame: _multicall in _callers.py:121
=========         Host Frame: _hookexec in _manager.py:120
=========         Host Frame: __call__ in _hooks.py:512
=========         Host Frame: <lambda> in runner.py:250
=========         Host Frame: from_call in runner.py:361
=========         Host Frame: call_and_report in runner.py:249
=========         Host Frame: runtestprotocol in runner.py:139
=========         Host Frame: pytest_runtest_protocol in runner.py:118
=========         Host Frame: _multicall in _callers.py:121
=========         Host Frame: _hookexec in _manager.py:120
=========         Host Frame: __call__ in _hooks.py:512
=========         Host Frame: pytest_runtestloop in main.py:408
=========         Host Frame: _multicall in _callers.py:121
=========         Host Frame: _hookexec in _manager.py:120
=========         Host Frame: __call__ in _hooks.py:512
=========         Host Frame: _main in main.py:384
=========         Host Frame: wrap_session in main.py:330
=========         Host Frame: pytest_cmdline_main in main.py:377
=========         Host Frame: _multicall in _callers.py:121
=========         Host Frame: _hookexec in _manager.py:120
=========         Host Frame: __call__ in _hooks.py:512
=========         Host Frame: _main in __init__.py:229
=========         Host Frame: main in __init__.py:201
========= 
========= Program hit CUDA_ERROR_INVALID_VALUE (error 1) due to "invalid argument" on CUDA API call to cuGetProcAddress_v2.
=========     Saved host backtrace up to driver entry point at error
=========         Host Frame:  [0x10cac] in driver.cpython-312-x86_64-linux-gnu.so
=========         Host Frame:  [0x24d84] in driver.cpython-312-x86_64-linux-gnu.so
=========         Host Frame:  [0x150f9] in cydriver.cpython-312-x86_64-linux-gnu.so
=========         Host Frame:  [0x4ecd5d] in driver.cpython-312-x86_64-linux-gnu.so
=========         Host Frame: PyObject_Vectorcall in call.c:325 [0x214e0d] in python
=========         Host Frame: _PyEval_EvalFrameDefault in bytecodes.c:2715 [0x1ffb14] in python
=========         Host Frame: PyObject_CallOneArg in call.c:401 [0x22cd34] in python
=========         Host Frame: _PyObject_GenericGetAttrWithDict in object.c:1447 [0x21da35] in python
=========         Host Frame: PyObject_GetAttr in object.c:1060 [0x1f7e00] in python
=========         Host Frame: _PyEval_EvalFrameDefault in bytecodes.c:1802 [0x200556] in python
=========         Host Frame: _PyObject_VectorcallTstate.lto_priv.14 in pycore_call.h:92 [0x249612] in python
=========         Host Frame: method_vectorcall in classobject.c:61 [0x2491bd] in python
=========         Host Frame: _PyObject_Call in call.c:354 [0x231daa] in python
=========         Host Frame: _PyEval_EvalFrameDefault in bytecodes.c:3263 [0x203a55] in python
=========         Host Frame: _PyObject_VectorcallTstate.lto_priv.14 in pycore_call.h:92 [0x249612] in python
=========         Host Frame: method_vectorcall in classobject.c:61 [0x2491bd] in python
=========         Host Frame: _PyObject_Call in call.c:354 [0x231daa] in python
=========         Host Frame: _PyEval_EvalFrameDefault in bytecodes.c:3263 [0x203a55] in python
=========         Host Frame: _PyObject_VectorcallTstate.lto_priv.14 in pycore_call.h:92 [0x249612] in python
=========         Host Frame: method_vectorcall in classobject.c:61 [0x2491bd] in python
=========         Host Frame: _PyObject_Call in call.c:354 [0x231daa] in python
=========         Host Frame: _PyEval_EvalFrameDefault in bytecodes.c:3263 [0x203a55] in python
=========         Host Frame: _PyObject_VectorcallTstate.lto_priv.14 in pycore_call.h:92 [0x249612] in python
=========         Host Frame: method_vectorcall in classobject.c:61 [0x2491bd] in python
=========         Host Frame: _PyObject_Call in call.c:354 [0x231daa] in python
=========         Host Frame: _PyEval_EvalFrameDefault in bytecodes.c:3263 [0x203a55] in python
=========         Host Frame: _PyObject_FastCallDictTstate in call.c:144 [0x1f8592] in python
=========         Host Frame: _PyObject_Call_Prepend in call.c:508 [0x22f2e6] in python
=========         Host Frame: slot_tp_call in typeobject.c:8791 [0x300ed8] in python
=========         Host Frame: _PyObject_MakeTpCall in call.c:240 [0x1f586a] in python
=========         Host Frame: _PyEval_EvalFrameDefault in bytecodes.c:2715 [0x1ffb14] in python
=========         Host Frame: infinite_lru_cache_wrapper in _functoolsmodule.c:918 [0x342560] in python
=========         Host Frame: _PyObject_MakeTpCall in call.c:240 [0x1f586a] in python
=========         Host Frame: _PyEval_EvalFrameDefault in bytecodes.c:2715 [0x1ffb14] in python
=========         Host Frame: _PyObject_FastCallDictTstate in call.c:144 [0x1f8592] in python
=========         Host Frame: _PyObject_Call_Prepend in call.c:508 [0x22f266] in python
=========         Host Frame: slot_tp_call in typeobject.c:8791 [0x300ed8] in python
=========         Host Frame: _PyObject_MakeTpCall in call.c:240 [0x1f586a] in python
=========         Host Frame: _PyEval_EvalFrameDefault in bytecodes.c:2715 [0x1ffb14] in python
=========         Host Frame: _PyObject_FastCallDictTstate in call.c:144 [0x1f8592] in python
=========         Host Frame: _PyObject_Call_Prepend in call.c:508 [0x22f266] in python
=========         Host Frame: slot_tp_call in typeobject.c:8791 [0x300ed8] in python
=========         Host Frame: _PyObject_Call in call.c:367 [0x231d34] in python
=========         Host Frame: _PyEval_EvalFrameDefault in bytecodes.c:3263 [0x203a55] in python
=========         Host Frame: _PyObject_FastCallDictTstate in call.c:144 [0x1f8592] in python
=========         Host Frame: _PyObject_Call_Prepend in call.c:508 [0x22f266] in python
=========         Host Frame: slot_tp_call in typeobject.c:8791 [0x300ed8] in python
=========         Host Frame: _PyObject_MakeTpCall in call.c:240 [0x1f586a] in python
=========         Host Frame: _PyEval_EvalFrameDefault in bytecodes.c:2715 [0x1ffb14] in python
=========         Host Frame: _PyObject_FastCallDictTstate in call.c:144 [0x1f8592] in python
=========         Host Frame: _PyObject_Call_Prepend in call.c:508 [0x22f266] in python
=========         Host Frame: slot_tp_call in typeobject.c:8791 [0x300ed8] in python
=========         Host Frame: _PyObject_MakeTpCall in call.c:240 [0x1f586a] in python
=========         Host Frame: _PyEval_EvalFrameDefault in bytecodes.c:2715 [0x1ffb14] in python
=========         Host Frame: _PyObject_FastCallDictTstate in call.c:144 [0x1f8592] in python
=========         Host Frame: _PyObject_Call_Prepend in call.c:508 [0x22f266] in python
=========         Host Frame: slot_tp_call in typeobject.c:8791 [0x300ed8] in python
=========         Host Frame: _PyObject_MakeTpCall in call.c:240 [0x1f586a] in python
=========         Host Frame: _PyEval_EvalFrameDefault in bytecodes.c:2715 [0x1ffb14] in python
=========         Host Frame: PyEval_EvalCode in ceval.c:580 [0x2b893c] in python
=========         Host Frame: run_eval_code_obj in pythonrun.c:1757 [0x2f4639] in python
=========         Host Frame: run_mod in pythonrun.c:1778 [0x2ef2a4] in python
=========         Host Frame: pyrun_file in pythonrun.c:1674 [0x2ec26f] in python
=========         Host Frame: _PyRun_SimpleFileObject in pythonrun.c:459 [0x2ebee5] in python
=========         Host Frame: _PyRun_AnyFileObject in pythonrun.c:78 [0x2ebcc3] in python
=========         Host Frame: Py_RunMain in main.c:714 [0x2e853d] in python
=========         Host Frame: Py_BytesMain in main.c:768 [0x2a0636] in python
=========         Host Frame:  [0x2a1c9] in libc.so.6
=========         Host Frame: __libc_start_main [0x2a28a] in libc.so.6
=========         Host Frame: _start [0x2a04ad] in python
=========         Host Frame: get_compute_capability_major_minor in cuda.py:163
=========         Host Frame: detect_gpu_arch in env_manager.py:234
=========         Host Frame: arch in env_manager.py:709
=========         Host Frame: apply_envar_settings in compiler.py:1063
=========         Host Frame: _prepare_compilation in dsl.py:2896
=========         Host Frame: _func_impl in dsl.py:2955
=========         Host Frame: _func in dsl.py:2938
=========         Host Frame: _compile in compiler.py:1609
=========         Host Frame: __call__ in compiler.py:1446
=========         Host Frame: compile_probe in test_lpt_scheduler.py:144
=========         Host Frame: test_exhaustion_does_not_read_metadata in test_lpt_scheduler.py:248
=========         Host Frame: pytest_pyfunc_call in python.py:167
=========         Host Frame: _multicall in _callers.py:121
=========         Host Frame: _hookexec in _manager.py:120
=========         Host Frame: __call__ in _hooks.py:512
=========         Host Frame: runtest in python.py:1707
=========         Host Frame: pytest_runtest_call in runner.py:184
=========         Host Frame: _multicall in _callers.py:121
=========         Host Frame: _hookexec in _manager.py:120
=========         Host Frame: __call__ in _hooks.py:512
=========         Host Frame: <lambda> in runner.py:250
=========         Host Frame: from_call in runner.py:361
=========         Host Frame: call_and_report in runner.py:249
=========         Host Frame: runtestprotocol in runner.py:139
=========         Host Frame: pytest_runtest_protocol in runner.py:118
=========         Host Frame: _multicall in _callers.py:121
=========         Host Frame: _hookexec in _manager.py:120
=========         Host Frame: __call__ in _hooks.py:512
=========         Host Frame: pytest_runtestloop in main.py:408
=========         Host Frame: _multicall in _callers.py:121
=========         Host Frame: _hookexec in _manager.py:120
=========         Host Frame: __call__ in _hooks.py:512
=========         Host Frame: _main in main.py:384
=========         Host Frame: wrap_session in main.py:330
=========         Host Frame: pytest_cmdline_main in main.py:377
=========         Host Frame: _multicall in _callers.py:121
=========         Host Frame: _hookexec in _manager.py:120
=========         Host Frame: __call__ in _hooks.py:512
=========         Host Frame: _main in __init__.py:229
=========         Host Frame: main in __init__.py:201
========= 
========= Program hit CUDA_ERROR_INVALID_VALUE (error 1) due to "invalid argument" on CUDA API call to cuGetProcAddress_v2.
=========     Saved host backtrace up to driver entry point at error
=========         Host Frame:  [0x10cd2] in driver.cpython-312-x86_64-linux-gnu.so
=========         Host Frame:  [0x24d84] in driver.cpython-312-x86_64-linux-gnu.so
=========         Host Frame:  [0x150f9] in cydriver.cpython-312-x86_64-linux-gnu.so
=========         Host Frame:  [0x4ecd5d] in driver.cpython-312-x86_64-linux-gnu.so
=========         Host Frame: PyObject_Vectorcall in call.c:325 [0x214e0d] in python
=========         Host Frame: _PyEval_EvalFrameDefault in bytecodes.c:2715 [0x1ffb14] in python
=========         Host Frame: PyObject_CallOneArg in call.c:401 [0x22cd34] in python
=========         Host Frame: _PyObject_GenericGetAttrWithDict in object.c:1447 [0x21da35] in python
=========         Host Frame: PyObject_GetAttr in object.c:1060 [0x1f7e00] in python
=========         Host Frame: _PyEval_EvalFrameDefault in bytecodes.c:1802 [0x200556] in python
=========         Host Frame: _PyObject_VectorcallTstate.lto_priv.14 in pycore_call.h:92 [0x249612] in python
=========         Host Frame: method_vectorcall in classobject.c:61 [0x2491bd] in python
=========         Host Frame: _PyObject_Call in call.c:354 [0x231daa] in python
=========         Host Frame: _PyEval_EvalFrameDefault in bytecodes.c:3263 [0x203a55] in python
=========         Host Frame: _PyObject_VectorcallTstate.lto_priv.14 in pycore_call.h:92 [0x249612] in python
=========         Host Frame: method_vectorcall in classobject.c:61 [0x2491bd] in python
=========         Host Frame: _PyObject_Call in call.c:354 [0x231daa] in python
=========         Host Frame: _PyEval_EvalFrameDefault in bytecodes.c:3263 [0x203a55] in python
=========         Host Frame: _PyObject_VectorcallTstate.lto_priv.14 in pycore_call.h:92 [0x249612] in python
=========         Host Frame: method_vectorcall in classobject.c:61 [0x2491bd] in python
=========         Host Frame: _PyObject_Call in call.c:354 [0x231daa] in python
=========         Host Frame: _PyEval_EvalFrameDefault in bytecodes.c:3263 [0x203a55] in python
=========         Host Frame: _PyObject_VectorcallTstate.lto_priv.14 in pycore_call.h:92 [0x249612] in python
=========         Host Frame: method_vectorcall in classobject.c:61 [0x2491bd] in python
=========         Host Frame: _PyObject_Call in call.c:354 [0x231daa] in python
=========         Host Frame: _PyEval_EvalFrameDefault in bytecodes.c:3263 [0x203a55] in python
=========         Host Frame: _PyObject_FastCallDictTstate in call.c:144 [0x1f8592] in python
=========         Host Frame: _PyObject_Call_Prepend in call.c:508 [0x22f2e6] in python
=========         Host Frame: slot_tp_call in typeobject.c:8791 [0x300ed8] in python
=========         Host Frame: _PyObject_MakeTpCall in call.c:240 [0x1f586a] in python
=========         Host Frame: _PyEval_EvalFrameDefault in bytecodes.c:2715 [0x1ffb14] in python
=========         Host Frame: infinite_lru_cache_wrapper in _functoolsmodule.c:918 [0x342560] in python
=========         Host Frame: _PyObject_MakeTpCall in call.c:240 [0x1f586a] in python
=========         Host Frame: _PyEval_EvalFrameDefault in bytecodes.c:2715 [0x1ffb14] in python
=========         Host Frame: _PyObject_FastCallDictTstate in call.c:144 [0x1f8592] in python
=========         Host Frame: _PyObject_Call_Prepend in call.c:508 [0x22f266] in python
=========         Host Frame: slot_tp_call in typeobject.c:8791 [0x300ed8] in python
=========         Host Frame: _PyObject_MakeTpCall in call.c:240 [0x1f586a] in python
=========         Host Frame: _PyEval_EvalFrameDefault in bytecodes.c:2715 [0x1ffb14] in python
=========         Host Frame: _PyObject_FastCallDictTstate in call.c:144 [0x1f8592] in python
=========         Host Frame: _PyObject_Call_Prepend in call.c:508 [0x22f266] in python
=========         Host Frame: slot_tp_call in typeobject.c:8791 [0x300ed8] in python
=========         Host Frame: _PyObject_Call in call.c:367 [0x231d34] in python
=========         Host Frame: _PyEval_EvalFrameDefault in bytecodes.c:3263 [0x203a55] in python
=========         Host Frame: _PyObject_FastCallDictTstate in call.c:144 [0x1f8592] in python
=========         Host Frame: _PyObject_Call_Prepend in call.c:508 [0x22f266] in python
=========         Host Frame: slot_tp_call in typeobject.c:8791 [0x300ed8] in python
=========         Host Frame: _PyObject_MakeTpCall in call.c:240 [0x1f586a] in python
=========         Host Frame: _PyEval_EvalFrameDefault in bytecodes.c:2715 [0x1ffb14] in python
=========         Host Frame: _PyObject_FastCallDictTstate in call.c:144 [0x1f8592] in python
=========         Host Frame: _PyObject_Call_Prepend in call.c:508 [0x22f266] in python
=========         Host Frame: slot_tp_call in typeobject.c:8791 [0x300ed8] in python
=========         Host Frame: _PyObject_MakeTpCall in call.c:240 [0x1f586a] in python
=========         Host Frame: _PyEval_EvalFrameDefault in bytecodes.c:2715 [0x1ffb14] in python
=========         Host Frame: _PyObject_FastCallDictTstate in call.c:144 [0x1f8592] in python
=========         Host Frame: _PyObject_Call_Prepend in call.c:508 [0x22f266] in python
=========         Host Frame: slot_tp_call in typeobject.c:8791 [0x300ed8] in python
=========         Host Frame: _PyObject_MakeTpCall in call.c:240 [0x1f586a] in python
=========         Host Frame: _PyEval_EvalFrameDefault in bytecodes.c:2715 [0x1ffb14] in python
=========         Host Frame: PyEval_EvalCode in ceval.c:580 [0x2b893c] in python
=========         Host Frame: run_eval_code_obj in pythonrun.c:1757 [0x2f4639] in python
=========         Host Frame: run_mod in pythonrun.c:1778 [0x2ef2a4] in python
=========         Host Frame: pyrun_file in pythonrun.c:1674 [0x2ec26f] in python
=========         Host Frame: _PyRun_SimpleFileObject in pythonrun.c:459 [0x2ebee5] in python
=========         Host Frame: _PyRun_AnyFileObject in pythonrun.c:78 [0x2ebcc3] in python
=========         Host Frame: Py_RunMain in main.c:714 [0x2e853d] in python
=========         Host Frame: Py_BytesMain in main.c:768 [0x2a0636] in python
=========         Host Frame:  [0x2a1c9] in libc.so.6
=========         Host Frame: __libc_start_main [0x2a28a] in libc.so.6
=========         Host Frame: _start [0x2a04ad] in python
=========         Host Frame: get_compute_capability_major_minor in cuda.py:163
=========         Host Frame: detect_gpu_arch in env_manager.py:234
=========         Host Frame: arch in env_manager.py:709
=========         Host Frame: apply_envar_settings in compiler.py:1063
=========         Host Frame: _prepare_compilation in dsl.py:2896
=========         Host Frame: _func_impl in dsl.py:2955
=========         Host Frame: _func in dsl.py:2938
=========         Host Frame: _compile in compiler.py:1609
=========         Host Frame: __call__ in compiler.py:1446
=========         Host Frame: compile_probe in test_lpt_scheduler.py:144
=========         Host Frame: test_exhaustion_does_not_read_metadata in test_lpt_scheduler.py:248
=========         Host Frame: pytest_pyfunc_call in python.py:167
=========         Host Frame: _multicall in _callers.py:121
=========         Host Frame: _hookexec in _manager.py:120
=========         Host Frame: __call__ in _hooks.py:512
=========         Host Frame: runtest in python.py:1707
=========         Host Frame: pytest_runtest_call in runner.py:184
=========         Host Frame: _multicall in _callers.py:121
=========         Host Frame: _hookexec in _manager.py:120
=========         Host Frame: __call__ in _hooks.py:512
=========         Host Frame: <lambda> in runner.py:250
=========         Host Frame: from_call in runner.py:361
=========         Host Frame: call_and_report in runner.py:249
=========         Host Frame: runtestprotocol in runner.py:139
=========         Host Frame: pytest_runtest_protocol in runner.py:118
=========         Host Frame: _multicall in _callers.py:121
=========         Host Frame: _hookexec in _manager.py:120
=========         Host Frame: __call__ in _hooks.py:512
=========         Host Frame: pytest_runtestloop in main.py:408
=========         Host Frame: _multicall in _callers.py:121
=========         Host Frame: _hookexec in _manager.py:120
=========         Host Frame: __call__ in _hooks.py:512
=========         Host Frame: _main in main.py:384
=========         Host Frame: wrap_session in main.py:330
=========         Host Frame: pytest_cmdline_main in main.py:377
=========         Host Frame: _multicall in _callers.py:121
=========         Host Frame: _hookexec in _manager.py:120
=========         Host Frame: __call__ in _hooks.py:512
=========         Host Frame: _main in __init__.py:229
=========         Host Frame: main in __init__.py:201
========= 
========= Program hit CUDA_ERROR_INVALID_VALUE (error 1) due to "invalid argument" on CUDA API call to cuGetProcAddress_v2.
=========     Saved host backtrace up to driver entry point at error
=========         Host Frame:  [0x10cf8] in driver.cpython-312-x86_64-linux-gnu.so
=========         Host Frame:  [0x24d84] in driver.cpython-312-x86_64-linux-gnu.so
=========         Host Frame:  [0x150f9] in cydriver.cpython-312-x86_64-linux-gnu.so
=========         Host Frame:  [0x4ecd5d] in driver.cpython-312-x86_64-linux-gnu.so
=========         Host Frame: PyObject_Vectorcall in call.c:325 [0x214e0d] in python
=========         Host Frame: _PyEval_EvalFrameDefault in bytecodes.c:2715 [0x1ffb14] in python
=========         Host Frame: PyObject_CallOneArg in call.c:401 [0x22cd34] in python
=========         Host Frame: _PyObject_GenericGetAttrWithDict in object.c:1447 [0x21da35] in python
=========         Host Frame: PyObject_GetAttr in object.c:1060 [0x1f7e00] in python
=========         Host Frame: _PyEval_EvalFrameDefault in bytecodes.c:1802 [0x200556] in python
=========         Host Frame: _PyObject_VectorcallTstate.lto_priv.14 in pycore_call.h:92 [0x249612] in python
=========         Host Frame: method_vectorcall in classobject.c:61 [0x2491bd] in python
=========         Host Frame: _PyObject_Call in call.c:354 [0x231daa] in python
=========         Host Frame: _PyEval_EvalFrameDefault in bytecodes.c:3263 [0x203a55] in python
=========         Host Frame: _PyObject_VectorcallTstate.lto_priv.14 in pycore_call.h:92 [0x249612] in python
=========         Host Frame: method_vectorcall in classobject.c:61 [0x2491bd] in python
=========         Host Frame: _PyObject_Call in call.c:354 [0x231daa] in python
=========         Host Frame: _PyEval_EvalFrameDefault in bytecodes.c:3263 [0x203a55] in python
=========         Host Frame: _PyObject_VectorcallTstate.lto_priv.14 in pycore_call.h:92 [0x249612] in python
=========         Host Frame: method_vectorcall in classobject.c:61 [0x2491bd] in python
=========         Host Frame: _PyObject_Call in call.c:354 [0x231daa] in python
=========         Host Frame: _PyEval_EvalFrameDefault in bytecodes.c:3263 [0x203a55] in python
=========         Host Frame: _PyObject_VectorcallTstate.lto_priv.14 in pycore_call.h:92 [0x249612] in python
=========         Host Frame: method_vectorcall in classobject.c:61 [0x2491bd] in python
=========         Host Frame: _PyObject_Call in call.c:354 [0x231daa] in python
=========         Host Frame: _PyEval_EvalFrameDefault in bytecodes.c:3263 [0x203a55] in python
=========         Host Frame: _PyObject_FastCallDictTstate in call.c:144 [0x1f8592] in python
=========         Host Frame: _PyObject_Call_Prepend in call.c:508 [0x22f2e6] in python
=========         Host Frame: slot_tp_call in typeobject.c:8791 [0x300ed8] in python
=========         Host Frame: _PyObject_MakeTpCall in call.c:240 [0x1f586a] in python
=========         Host Frame: _PyEval_EvalFrameDefault in bytecodes.c:2715 [0x1ffb14] in python
=========         Host Frame: infinite_lru_cache_wrapper in _functoolsmodule.c:918 [0x342560] in python
=========         Host Frame: _PyObject_MakeTpCall in call.c:240 [0x1f586a] in python
=========         Host Frame: _PyEval_EvalFrameDefault in bytecodes.c:2715 [0x1ffb14] in python
=========         Host Frame: _PyObject_FastCallDictTstate in call.c:144 [0x1f8592] in python
=========         Host Frame: _PyObject_Call_Prepend in call.c:508 [0x22f266] in python
=========         Host Frame: slot_tp_call in typeobject.c:8791 [0x300ed8] in python
=========         Host Frame: _PyObject_MakeTpCall in call.c:240 [0x1f586a] in python
=========         Host Frame: _PyEval_EvalFrameDefault in bytecodes.c:2715 [0x1ffb14] in python
=========         Host Frame: _PyObject_FastCallDictTstate in call.c:144 [0x1f8592] in python
=========         Host Frame: _PyObject_Call_Prepend in call.c:508 [0x22f266] in python
=========         Host Frame: slot_tp_call in typeobject.c:8791 [0x300ed8] in python
=========         Host Frame: _PyObject_Call in call.c:367 [0x231d34] in python
=========         Host Frame: _PyEval_EvalFrameDefault in bytecodes.c:3263 [0x203a55] in python
=========         Host Frame: _PyObject_FastCallDictTstate in call.c:144 [0x1f8592] in python
=========         Host Frame: _PyObject_Call_Prepend in call.c:508 [0x22f266] in python
=========         Host Frame: slot_tp_call in typeobject.c:8791 [0x300ed8] in python
=========         Host Frame: _PyObject_MakeTpCall in call.c:240 [0x1f586a] in python
=========         Host Frame: _PyEval_EvalFrameDefault in bytecodes.c:2715 [0x1ffb14] in python
=========         Host Frame: _PyObject_FastCallDictTstate in call.c:144 [0x1f8592] in python
=========         Host Frame: _PyObject_Call_Prepend in call.c:508 [0x22f266] in python
=========         Host Frame: slot_tp_call in typeobject.c:8791 [0x300ed8] in python
=========         Host Frame: _PyObject_MakeTpCall in call.c:240 [0x1f586a] in python
=========         Host Frame: _PyEval_EvalFrameDefault in bytecodes.c:2715 [0x1ffb14] in python
=========         Host Frame: _PyObject_FastCallDictTstate in call.c:144 [0x1f8592] in python
=========         Host Frame: _PyObject_Call_Prepend in call.c:508 [0x22f266] in python
=========         Host Frame: slot_tp_call in typeobject.c:8791 [0x300ed8] in python
=========         Host Frame: _PyObject_MakeTpCall in call.c:240 [0x1f586a] in python
=========         Host Frame: _PyEval_EvalFrameDefault in bytecodes.c:2715 [0x1ffb14] in python
=========         Host Frame: PyEval_EvalCode in ceval.c:580 [0x2b893c] in python
=========         Host Frame: run_eval_code_obj in pythonrun.c:1757 [0x2f4639] in python
=========         Host Frame: run_mod in pythonrun.c:1778 [0x2ef2a4] in python
=========         Host Frame: pyrun_file in pythonrun.c:1674 [0x2ec26f] in python
=========         Host Frame: _PyRun_SimpleFileObject in pythonrun.c:459 [0x2ebee5] in python
=========         Host Frame: _PyRun_AnyFileObject in pythonrun.c:78 [0x2ebcc3] in python
=========         Host Frame: Py_RunMain in main.c:714 [0x2e853d] in python
=========         Host Frame: Py_BytesMain in main.c:768 [0x2a0636] in python
=========         Host Frame:  [0x2a1c9] in libc.so.6
=========         Host Frame: __libc_start_main [0x2a28a] in libc.so.6
=========         Host Frame: _start [0x2a04ad] in python
=========         Host Frame: get_compute_capability_major_minor in cuda.py:163
=========         Host Frame: detect_gpu_arch in env_manager.py:234
=========         Host Frame: arch in env_manager.py:709
=========         Host Frame: apply_envar_settings in compiler.py:1063
=========         Host Frame: _prepare_compilation in dsl.py:2896
=========         Host Frame: _func_impl in dsl.py:2955
=========         Host Frame: _func in dsl.py:2938
=========         Host Frame: _compile in compiler.py:1609
=========         Host Frame: __call__ in compiler.py:1446
=========         Host Frame: compile_probe in test_lpt_scheduler.py:144
=========         Host Frame: test_exhaustion_does_not_read_metadata in test_lpt_scheduler.py:248
=========         Host Frame: pytest_pyfunc_call in python.py:167
=========         Host Frame: _multicall in _callers.py:121
=========         Host Frame: _hookexec in _manager.py:120
=========         Host Frame: __call__ in _hooks.py:512
=========         Host Frame: runtest in python.py:1707
=========         Host Frame: pytest_runtest_call in runner.py:184
=========         Host Frame: _multicall in _callers.py:121
=========         Host Frame: _hookexec in _manager.py:120
=========         Host Frame: __call__ in _hooks.py:512
=========         Host Frame: <lambda> in runner.py:250
=========         Host Frame: from_call in runner.py:361
=========         Host Frame: call_and_report in runner.py:249
=========         Host Frame: runtestprotocol in runner.py:139
=========         Host Frame: pytest_runtest_protocol in runner.py:118
=========         Host Frame: _multicall in _callers.py:121
=========         Host Frame: _hookexec in _manager.py:120
=========         Host Frame: __call__ in _hooks.py:512
=========         Host Frame: pytest_runtestloop in main.py:408
=========         Host Frame: _multicall in _callers.py:121
=========         Host Frame: _hookexec in _manager.py:120
=========         Host Frame: __call__ in _hooks.py:512
=========         Host Frame: _main in main.py:384
=========         Host Frame: wrap_session in main.py:330
=========         Host Frame: pytest_cmdline_main in main.py:377
=========         Host Frame: _multicall in _callers.py:121
=========         Host Frame: _hookexec in _manager.py:120
=========         Host Frame: __call__ in _hooks.py:512
=========         Host Frame: _main in __init__.py:229
=========         Host Frame: main in __init__.py:201
========= 
========= Program hit CUDA_ERROR_INVALID_VALUE (error 1) due to "invalid argument" on CUDA API call to cuGetProcAddress_v2.
=========     Saved host backtrace up to driver entry point at error
=========         Host Frame:  [0x10d1e] in driver.cpython-312-x86_64-linux-gnu.so
=========         Host Frame:  [0x24d84] in driver.cpython-312-x86_64-linux-gnu.so
=========         Host Frame:  [0x150f9] in cydriver.cpython-312-x86_64-linux-gnu.so
=========         Host Frame:  [0x4ecd5d] in driver.cpython-312-x86_64-linux-gnu.so
=========         Host Frame: PyObject_Vectorcall in call.c:325 [0x214e0d] in python
=========         Host Frame: _PyEval_EvalFrameDefault in bytecodes.c:2715 [0x1ffb14] in python
=========         Host Frame: PyObject_CallOneArg in call.c:401 [0x22cd34] in python
=========         Host Frame: _PyObject_GenericGetAttrWithDict in object.c:1447 [0x21da35] in python
=========         Host Frame: PyObject_GetAttr in object.c:1060 [0x1f7e00] in python
=========         Host Frame: _PyEval_EvalFrameDefault in bytecodes.c:1802 [0x200556] in python
=========         Host Frame: _PyObject_VectorcallTstate.lto_priv.14 in pycore_call.h:92 [0x249612] in python
=========         Host Frame: method_vectorcall in classobject.c:61 [0x2491bd] in python
=========         Host Frame: _PyObject_Call in call.c:354 [0x231daa] in python
=========         Host Frame: _PyEval_EvalFrameDefault in bytecodes.c:3263 [0x203a55] in python
=========         Host Frame: _PyObject_VectorcallTstate.lto_priv.14 in pycore_call.h:92 [0x249612] in python
=========         Host Frame: method_vectorcall in classobject.c:61 [0x2491bd] in python
=========         Host Frame: _PyObject_Call in call.c:354 [0x231daa] in python
=========         Host Frame: _PyEval_EvalFrameDefault in bytecodes.c:3263 [0x203a55] in python
=========         Host Frame: _PyObject_VectorcallTstate.lto_priv.14 in pycore_call.h:92 [0x249612] in python
=========         Host Frame: method_vectorcall in classobject.c:61 [0x2491bd] in python
=========         Host Frame: _PyObject_Call in call.c:354 [0x231daa] in python
=========         Host Frame: _PyEval_EvalFrameDefault in bytecodes.c:3263 [0x203a55] in python
=========         Host Frame: _PyObject_VectorcallTstate.lto_priv.14 in pycore_call.h:92 [0x249612] in python
=========         Host Frame: method_vectorcall in classobject.c:61 [0x2491bd] in python
=========         Host Frame: _PyObject_Call in call.c:354 [0x231daa] in python
=========         Host Frame: _PyEval_EvalFrameDefault in bytecodes.c:3263 [0x203a55] in python
=========         Host Frame: _PyObject_FastCallDictTstate in call.c:144 [0x1f8592] in python
=========         Host Frame: _PyObject_Call_Prepend in call.c:508 [0x22f2e6] in python
=========         Host Frame: slot_tp_call in typeobject.c:8791 [0x300ed8] in python
=========         Host Frame: _PyObject_MakeTpCall in call.c:240 [0x1f586a] in python
=========         Host Frame: _PyEval_EvalFrameDefault in bytecodes.c:2715 [0x1ffb14] in python
=========         Host Frame: infinite_lru_cache_wrapper in _functoolsmodule.c:918 [0x342560] in python
=========         Host Frame: _PyObject_MakeTpCall in call.c:240 [0x1f586a] in python
=========         Host Frame: _PyEval_EvalFrameDefault in bytecodes.c:2715 [0x1ffb14] in python
=========         Host Frame: _PyObject_FastCallDictTstate in call.c:144 [0x1f8592] in python
=========         Host Frame: _PyObject_Call_Prepend in call.c:508 [0x22f266] in python
=========         Host Frame: slot_tp_call in typeobject.c:8791 [0x300ed8] in python
=========         Host Frame: _PyObject_MakeTpCall in call.c:240 [0x1f586a] in python
=========         Host Frame: _PyEval_EvalFrameDefault in bytecodes.c:2715 [0x1ffb14] in python
=========         Host Frame: _PyObject_FastCallDictTstate in call.c:144 [0x1f8592] in python
=========         Host Frame: _PyObject_Call_Prepend in call.c:508 [0x22f266] in python
=========         Host Frame: slot_tp_call in typeobject.c:8791 [0x300ed8] in python
=========         Host Frame: _PyObject_Call in call.c:367 [0x231d34] in python
=========         Host Frame: _PyEval_EvalFrameDefault in bytecodes.c:3263 [0x203a55] in python
=========         Host Frame: _PyObject_FastCallDictTstate in call.c:144 [0x1f8592] in python
=========         Host Frame: _PyObject_Call_Prepend in call.c:508 [0x22f266] in python
=========         Host Frame: slot_tp_call in typeobject.c:8791 [0x300ed8] in python
=========         Host Frame: _PyObject_MakeTpCall in call.c:240 [0x1f586a] in python
=========         Host Frame: _PyEval_EvalFrameDefault in bytecodes.c:2715 [0x1ffb14] in python
=========         Host Frame: _PyObject_FastCallDictTstate in call.c:144 [0x1f8592] in python
=========         Host Frame: _PyObject_Call_Prepend in call.c:508 [0x22f266] in python
=========         Host Frame: slot_tp_call in typeobject.c:8791 [0x300ed8] in python
=========         Host Frame: _PyObject_MakeTpCall in call.c:240 [0x1f586a] in python
=========         Host Frame: _PyEval_EvalFrameDefault in bytecodes.c:2715 [0x1ffb14] in python
=========         Host Frame: _PyObject_FastCallDictTstate in call.c:144 [0x1f8592] in python
=========         Host Frame: _PyObject_Call_Prepend in call.c:508 [0x22f266] in python
=========         Host Frame: slot_tp_call in typeobject.c:8791 [0x300ed8] in python
=========         Host Frame: _PyObject_MakeTpCall in call.c:240 [0x1f586a] in python
=========         Host Frame: _PyEval_EvalFrameDefault in bytecodes.c:2715 [0x1ffb14] in python
=========         Host Frame: PyEval_EvalCode in ceval.c:580 [0x2b893c] in python
=========         Host Frame: run_eval_code_obj in pythonrun.c:1757 [0x2f4639] in python
=========         Host Frame: run_mod in pythonrun.c:1778 [0x2ef2a4] in python
=========         Host Frame: pyrun_file in pythonrun.c:1674 [0x2ec26f] in python
=========         Host Frame: _PyRun_SimpleFileObject in pythonrun.c:459 [0x2ebee5] in python
=========         Host Frame: _PyRun_AnyFileObject in pythonrun.c:78 [0x2ebcc3] in python
=========         Host Frame: Py_RunMain in main.c:714 [0x2e853d] in python
=========         Host Frame: Py_BytesMain in main.c:768 [0x2a0636] in python
=========         Host Frame:  [0x2a1c9] in libc.so.6
=========         Host Frame: __libc_start_main [0x2a28a] in libc.so.6
=========         Host Frame: _start [0x2a04ad] in python
=========         Host Frame: get_compute_capability_major_minor in cuda.py:163
=========         Host Frame: detect_gpu_arch in env_manager.py:234
=========         Host Frame: arch in env_manager.py:709
=========         Host Frame: apply_envar_settings in compiler.py:1063
=========         Host Frame: _prepare_compilation in dsl.py:2896
=========         Host Frame: _func_impl in dsl.py:2955
=========         Host Frame: _func in dsl.py:2938
=========         Host Frame: _compile in compiler.py:1609
=========         Host Frame: __call__ in compiler.py:1446
=========         Host Frame: compile_probe in test_lpt_scheduler.py:144
=========         Host Frame: test_exhaustion_does_not_read_metadata in test_lpt_scheduler.py:248
=========         Host Frame: pytest_pyfunc_call in python.py:167
=========         Host Frame: _multicall in _callers.py:121
=========         Host Frame: _hookexec in _manager.py:120
=========         Host Frame: __call__ in _hooks.py:512
=========         Host Frame: runtest in python.py:1707
=========         Host Frame: pytest_runtest_call in runner.py:184
=========         Host Frame: _multicall in _callers.py:121
=========         Host Frame: _hookexec in _manager.py:120
=========         Host Frame: __call__ in _hooks.py:512
=========         Host Frame: <lambda> in runner.py:250
=========         Host Frame: from_call in runner.py:361
=========         Host Frame: call_and_report in runner.py:249
=========         Host Frame: runtestprotocol in runner.py:139
=========         Host Frame: pytest_runtest_protocol in runner.py:118
=========         Host Frame: _multicall in _callers.py:121
=========         Host Frame: _hookexec in _manager.py:120
=========         Host Frame: __call__ in _hooks.py:512
=========         Host Frame: pytest_runtestloop in main.py:408
=========         Host Frame: _multicall in _callers.py:121
=========         Host Frame: _hookexec in _manager.py:120
=========         Host Frame: __call__ in _hooks.py:512
=========         Host Frame: _main in main.py:384
=========         Host Frame: wrap_session in main.py:330
=========         Host Frame: pytest_cmdline_main in main.py:377
=========         Host Frame: _multicall in _callers.py:121
=========         Host Frame: _hookexec in _manager.py:120
=========         Host Frame: __call__ in _hooks.py:512
=========         Host Frame: _main in __init__.py:229
=========         Host Frame: main in __init__.py:201
========= 
========= Program hit CUDA_ERROR_INVALID_VALUE (error 1) due to "invalid argument" on CUDA API call to cuGetProcAddress_v2.
=========     Saved host backtrace up to driver entry point at error
=========         Host Frame:  [0x10d44] in driver.cpython-312-x86_64-linux-gnu.so
=========         Host Frame:  [0x24d84] in driver.cpython-312-x86_64-linux-gnu.so
=========         Host Frame:  [0x150f9] in cydriver.cpython-312-x86_64-linux-gnu.so
=========         Host Frame:  [0x4ecd5d] in driver.cpython-312-x86_64-linux-gnu.so
=========         Host Frame: PyObject_Vectorcall in call.c:325 [0x214e0d] in python
=========         Host Frame: _PyEval_EvalFrameDefault in bytecodes.c:2715 [0x1ffb14] in python
=========         Host Frame: PyObject_CallOneArg in call.c:401 [0x22cd34] in python
=========         Host Frame: _PyObject_GenericGetAttrWithDict in object.c:1447 [0x21da35] in python
=========         Host Frame: PyObject_GetAttr in object.c:1060 [0x1f7e00] in python
=========         Host Frame: _PyEval_EvalFrameDefault in bytecodes.c:1802 [0x200556] in python
=========         Host Frame: _PyObject_VectorcallTstate.lto_priv.14 in pycore_call.h:92 [0x249612] in python
=========         Host Frame: method_vectorcall in classobject.c:61 [0x2491bd] in python
=========         Host Frame: _PyObject_Call in call.c:354 [0x231daa] in python
=========         Host Frame: _PyEval_EvalFrameDefault in bytecodes.c:3263 [0x203a55] in python
=========         Host Frame: _PyObject_VectorcallTstate.lto_priv.14 in pycore_call.h:92 [0x249612] in python
=========         Host Frame: method_vectorcall in classobject.c:61 [0x2491bd] in python
=========         Host Frame: _PyObject_Call in call.c:354 [0x231daa] in python
=========         Host Frame: _PyEval_EvalFrameDefault in bytecodes.c:3263 [0x203a55] in python
=========         Host Frame: _PyObject_VectorcallTstate.lto_priv.14 in pycore_call.h:92 [0x249612] in python
=========         Host Frame: method_vectorcall in classobject.c:61 [0x2491bd] in python
=========         Host Frame: _PyObject_Call in call.c:354 [0x231daa] in python
=========         Host Frame: _PyEval_EvalFrameDefault in bytecodes.c:3263 [0x203a55] in python
=========         Host Frame: _PyObject_VectorcallTstate.lto_priv.14 in pycore_call.h:92 [0x249612] in python
=========         Host Frame: method_vectorcall in classobject.c:61 [0x2491bd] in python
=========         Host Frame: _PyObject_Call in call.c:354 [0x231daa] in python
=========         Host Frame: _PyEval_EvalFrameDefault in bytecodes.c:3263 [0x203a55] in python
=========         Host Frame: _PyObject_FastCallDictTstate in call.c:144 [0x1f8592] in python
=========         Host Frame: _PyObject_Call_Prepend in call.c:508 [0x22f2e6] in python
=========         Host Frame: slot_tp_call in typeobject.c:8791 [0x300ed8] in python
=========         Host Frame: _PyObject_MakeTpCall in call.c:240 [0x1f586a] in python
=========         Host Frame: _PyEval_EvalFrameDefault in bytecodes.c:2715 [0x1ffb14] in python
=========         Host Frame: infinite_lru_cache_wrapper in _functoolsmodule.c:918 [0x342560] in python
=========         Host Frame: _PyObject_MakeTpCall in call.c:240 [0x1f586a] in python
=========         Host Frame: _PyEval_EvalFrameDefault in bytecodes.c:2715 [0x1ffb14] in python
=========         Host Frame: _PyObject_FastCallDictTstate in call.c:144 [0x1f8592] in python
=========         Host Frame: _PyObject_Call_Prepend in call.c:508 [0x22f266] in python
=========         Host Frame: slot_tp_call in typeobject.c:8791 [0x300ed8] in python
=========         Host Frame: _PyObject_MakeTpCall in call.c:240 [0x1f586a] in python
=========         Host Frame: _PyEval_EvalFrameDefault in bytecodes.c:2715 [0x1ffb14] in python
=========         Host Frame: _PyObject_FastCallDictTstate in call.c:144 [0x1f8592] in python
=========         Host Frame: _PyObject_Call_Prepend in call.c:508 [0x22f266] in python
=========         Host Frame: slot_tp_call in typeobject.c:8791 [0x300ed8] in python
=========         Host Frame: _PyObject_Call in call.c:367 [0x231d34] in python
=========         Host Frame: _PyEval_EvalFrameDefault in bytecodes.c:3263 [0x203a55] in python
=========         Host Frame: _PyObject_FastCallDictTstate in call.c:144 [0x1f8592] in python
=========         Host Frame: _PyObject_Call_Prepend in call.c:508 [0x22f266] in python
=========         Host Frame: slot_tp_call in typeobject.c:8791 [0x300ed8] in python
=========         Host Frame: _PyObject_MakeTpCall in call.c:240 [0x1f586a] in python
=========         Host Frame: _PyEval_EvalFrameDefault in bytecodes.c:2715 [0x1ffb14] in python
=========         Host Frame: _PyObject_FastCallDictTstate in call.c:144 [0x1f8592] in python
=========         Host Frame: _PyObject_Call_Prepend in call.c:508 [0x22f266] in python
=========         Host Frame: slot_tp_call in typeobject.c:8791 [0x300ed8] in python
=========         Host Frame: _PyObject_MakeTpCall in call.c:240 [0x1f586a] in python
=========         Host Frame: _PyEval_EvalFrameDefault in bytecodes.c:2715 [0x1ffb14] in python
=========         Host Frame: _PyObject_FastCallDictTstate in call.c:144 [0x1f8592] in python
=========         Host Frame: _PyObject_Call_Prepend in call.c:508 [0x22f266] in python
=========         Host Frame: slot_tp_call in typeobject.c:8791 [0x300ed8] in python
=========         Host Frame: _PyObject_MakeTpCall in call.c:240 [0x1f586a] in python
=========         Host Frame: _PyEval_EvalFrameDefault in bytecodes.c:2715 [0x1ffb14] in python
=========         Host Frame: PyEval_EvalCode in ceval.c:580 [0x2b893c] in python
=========         Host Frame: run_eval_code_obj in pythonrun.c:1757 [0x2f4639] in python
=========         Host Frame: run_mod in pythonrun.c:1778 [0x2ef2a4] in python
=========         Host Frame: pyrun_file in pythonrun.c:1674 [0x2ec26f] in python
=========         Host Frame: _PyRun_SimpleFileObject in pythonrun.c:459 [0x2ebee5] in python
=========         Host Frame: _PyRun_AnyFileObject in pythonrun.c:78 [0x2ebcc3] in python
=========         Host Frame: Py_RunMain in main.c:714 [0x2e853d] in python
=========         Host Frame: Py_BytesMain in main.c:768 [0x2a0636] in python
=========         Host Frame:  [0x2a1c9] in libc.so.6
=========         Host Frame: __libc_start_main [0x2a28a] in libc.so.6
=========         Host Frame: _start [0x2a04ad] in python
=========         Host Frame: get_compute_capability_major_minor in cuda.py:163
=========         Host Frame: detect_gpu_arch in env_manager.py:234
=========         Host Frame: arch in env_manager.py:709
=========         Host Frame: apply_envar_settings in compiler.py:1063
=========         Host Frame: _prepare_compilation in dsl.py:2896
=========         Host Frame: _func_impl in dsl.py:2955
=========         Host Frame: _func in dsl.py:2938
=========         Host Frame: _compile in compiler.py:1609
=========         Host Frame: __call__ in compiler.py:1446
=========         Host Frame: compile_probe in test_lpt_scheduler.py:144
=========         Host Frame: test_exhaustion_does_not_read_metadata in test_lpt_scheduler.py:248
=========         Host Frame: pytest_pyfunc_call in python.py:167
=========         Host Frame: _multicall in _callers.py:121
=========         Host Frame: _hookexec in _manager.py:120
=========         Host Frame: __call__ in _hooks.py:512
=========         Host Frame: runtest in python.py:1707
=========         Host Frame: pytest_runtest_call in runner.py:184
=========         Host Frame: _multicall in _callers.py:121
=========         Host Frame: _hookexec in _manager.py:120
=========         Host Frame: __call__ in _hooks.py:512
=========         Host Frame: <lambda> in runner.py:250
=========         Host Frame: from_call in runner.py:361
=========         Host Frame: call_and_report in runner.py:249
=========         Host Frame: runtestprotocol in runner.py:139
=========         Host Frame: pytest_runtest_protocol in runner.py:118
=========         Host Frame: _multicall in _callers.py:121
=========         Host Frame: _hookexec in _manager.py:120
=========         Host Frame: __call__ in _hooks.py:512
=========         Host Frame: pytest_runtestloop in main.py:408
=========         Host Frame: _multicall in _callers.py:121
=========         Host Frame: _hookexec in _manager.py:120
=========         Host Frame: __call__ in _hooks.py:512
=========         Host Frame: _main in main.py:384
=========         Host Frame: wrap_session in main.py:330
=========         Host Frame: pytest_cmdline_main in main.py:377
=========         Host Frame: _multicall in _callers.py:121
=========         Host Frame: _hookexec in _manager.py:120
=========         Host Frame: __call__ in _hooks.py:512
=========         Host Frame: _main in __init__.py:229
=========         Host Frame: main in __init__.py:201
========= 
========= Program hit CUDA_ERROR_INVALID_VALUE (error 1) due to "invalid argument" on CUDA API call to cuGetProcAddress_v2.
=========     Saved host backtrace up to driver entry point at error
=========         Host Frame:  [0x10d6a] in driver.cpython-312-x86_64-linux-gnu.so
=========         Host Frame:  [0x24d84] in driver.cpython-312-x86_64-linux-gnu.so
=========         Host Frame:  [0x150f9] in cydriver.cpython-312-x86_64-linux-gnu.so
=========         Host Frame:  [0x4ecd5d] in driver.cpython-312-x86_64-linux-gnu.so
=========         Host Frame: PyObject_Vectorcall in call.c:325 [0x214e0d] in python
=========         Host Frame: _PyEval_EvalFrameDefault in bytecodes.c:2715 [0x1ffb14] in python
=========         Host Frame: PyObject_CallOneArg in call.c:401 [0x22cd34] in python
=========         Host Frame: _PyObject_GenericGetAttrWithDict in object.c:1447 [0x21da35] in python
=========         Host Frame: PyObject_GetAttr in object.c:1060 [0x1f7e00] in python
=========         Host Frame: _PyEval_EvalFrameDefault in bytecodes.c:1802 [0x200556] in python
=========         Host Frame: _PyObject_VectorcallTstate.lto_priv.14 in pycore_call.h:92 [0x249612] in python
=========         Host Frame: method_vectorcall in classobject.c:61 [0x2491bd] in python
=========         Host Frame: _PyObject_Call in call.c:354 [0x231daa] in python
=========         Host Frame: _PyEval_EvalFrameDefault in bytecodes.c:3263 [0x203a55] in python
=========         Host Frame: _PyObject_VectorcallTstate.lto_priv.14 in pycore_call.h:92 [0x249612] in python
=========         Host Frame: method_vectorcall in classobject.c:61 [0x2491bd] in python
=========         Host Frame: _PyObject_Call in call.c:354 [0x231daa] in python
=========         Host Frame: _PyEval_EvalFrameDefault in bytecodes.c:3263 [0x203a55] in python
=========         Host Frame: _PyObject_VectorcallTstate.lto_priv.14 in pycore_call.h:92 [0x249612] in python
=========         Host Frame: method_vectorcall in classobject.c:61 [0x2491bd] in python
=========         Host Frame: _PyObject_Call in call.c:354 [0x231daa] in python
=========         Host Frame: _PyEval_EvalFrameDefault in bytecodes.c:3263 [0x203a55] in python
=========         Host Frame: _PyObject_VectorcallTstate.lto_priv.14 in pycore_call.h:92 [0x249612] in python
=========         Host Frame: method_vectorcall in classobject.c:61 [0x2491bd] in python
=========         Host Frame: _PyObject_Call in call.c:354 [0x231daa] in python
=========         Host Frame: _PyEval_EvalFrameDefault in bytecodes.c:3263 [0x203a55] in python
=========         Host Frame: _PyObject_FastCallDictTstate in call.c:144 [0x1f8592] in python
=========         Host Frame: _PyObject_Call_Prepend in call.c:508 [0x22f2e6] in python
=========         Host Frame: slot_tp_call in typeobject.c:8791 [0x300ed8] in python
=========         Host Frame: _PyObject_MakeTpCall in call.c:240 [0x1f586a] in python
=========         Host Frame: _PyEval_EvalFrameDefault in bytecodes.c:2715 [0x1ffb14] in python
=========         Host Frame: infinite_lru_cache_wrapper in _functoolsmodule.c:918 [0x342560] in python
=========         Host Frame: _PyObject_MakeTpCall in call.c:240 [0x1f586a] in python
=========         Host Frame: _PyEval_EvalFrameDefault in bytecodes.c:2715 [0x1ffb14] in python
=========         Host Frame: _PyObject_FastCallDictTstate in call.c:144 [0x1f8592] in python
=========         Host Frame: _PyObject_Call_Prepend in call.c:508 [0x22f266] in python
=========         Host Frame: slot_tp_call in typeobject.c:8791 [0x300ed8] in python
=========         Host Frame: _PyObject_MakeTpCall in call.c:240 [0x1f586a] in python
=========         Host Frame: _PyEval_EvalFrameDefault in bytecodes.c:2715 [0x1ffb14] in python
=========         Host Frame: _PyObject_FastCallDictTstate in call.c:144 [0x1f8592] in python
=========         Host Frame: _PyObject_Call_Prepend in call.c:508 [0x22f266] in python
=========         Host Frame: slot_tp_call in typeobject.c:8791 [0x300ed8] in python
=========         Host Frame: _PyObject_Call in call.c:367 [0x231d34] in python
=========         Host Frame: _PyEval_EvalFrameDefault in bytecodes.c:3263 [0x203a55] in python
=========         Host Frame: _PyObject_FastCallDictTstate in call.c:144 [0x1f8592] in python
=========         Host Frame: _PyObject_Call_Prepend in call.c:508 [0x22f266] in python
=========         Host Frame: slot_tp_call in typeobject.c:8791 [0x300ed8] in python
=========         Host Frame: _PyObject_MakeTpCall in call.c:240 [0x1f586a] in python
=========         Host Frame: _PyEval_EvalFrameDefault in bytecodes.c:2715 [0x1ffb14] in python
=========         Host Frame: _PyObject_FastCallDictTstate in call.c:144 [0x1f8592] in python
=========         Host Frame: _PyObject_Call_Prepend in call.c:508 [0x22f266] in python
=========         Host Frame: slot_tp_call in typeobject.c:8791 [0x300ed8] in python
=========         Host Frame: _PyObject_MakeTpCall in call.c:240 [0x1f586a] in python
=========         Host Frame: _PyEval_EvalFrameDefault in bytecodes.c:2715 [0x1ffb14] in python
=========         Host Frame: _PyObject_FastCallDictTstate in call.c:144 [0x1f8592] in python
=========         Host Frame: _PyObject_Call_Prepend in call.c:508 [0x22f266] in python
=========         Host Frame: slot_tp_call in typeobject.c:8791 [0x300ed8] in python
=========         Host Frame: _PyObject_MakeTpCall in call.c:240 [0x1f586a] in python
=========         Host Frame: _PyEval_EvalFrameDefault in bytecodes.c:2715 [0x1ffb14] in python
=========         Host Frame: PyEval_EvalCode in ceval.c:580 [0x2b893c] in python
=========         Host Frame: run_eval_code_obj in pythonrun.c:1757 [0x2f4639] in python
=========         Host Frame: run_mod in pythonrun.c:1778 [0x2ef2a4] in python
=========         Host Frame: pyrun_file in pythonrun.c:1674 [0x2ec26f] in python
=========         Host Frame: _PyRun_SimpleFileObject in pythonrun.c:459 [0x2ebee5] in python
=========         Host Frame: _PyRun_AnyFileObject in pythonrun.c:78 [0x2ebcc3] in python
=========         Host Frame: Py_RunMain in main.c:714 [0x2e853d] in python
=========         Host Frame: Py_BytesMain in main.c:768 [0x2a0636] in python
=========         Host Frame:  [0x2a1c9] in libc.so.6
=========         Host Frame: __libc_start_main [0x2a28a] in libc.so.6
=========         Host Frame: _start [0x2a04ad] in python
=========         Host Frame: get_compute_capability_major_minor in cuda.py:163
=========         Host Frame: detect_gpu_arch in env_manager.py:234
=========         Host Frame: arch in env_manager.py:709
=========         Host Frame: apply_envar_settings in compiler.py:1063
=========         Host Frame: _prepare_compilation in dsl.py:2896
=========         Host Frame: _func_impl in dsl.py:2955
=========         Host Frame: _func in dsl.py:2938
=========         Host Frame: _compile in compiler.py:1609
=========         Host Frame: __call__ in compiler.py:1446
=========         Host Frame: compile_probe in test_lpt_scheduler.py:144
=========         Host Frame: test_exhaustion_does_not_read_metadata in test_lpt_scheduler.py:248
=========         Host Frame: pytest_pyfunc_call in python.py:167
=========         Host Frame: _multicall in _callers.py:121
=========         Host Frame: _hookexec in _manager.py:120
=========         Host Frame: __call__ in _hooks.py:512
=========         Host Frame: runtest in python.py:1707
=========         Host Frame: pytest_runtest_call in runner.py:184
=========         Host Frame: _multicall in _callers.py:121
=========         Host Frame: _hookexec in _manager.py:120
=========         Host Frame: __call__ in _hooks.py:512
=========         Host Frame: <lambda> in runner.py:250
=========         Host Frame: from_call in runner.py:361
=========         Host Frame: call_and_report in runner.py:249
=========         Host Frame: runtestprotocol in runner.py:139
=========         Host Frame: pytest_runtest_protocol in runner.py:118
=========         Host Frame: _multicall in _callers.py:121
=========         Host Frame: _hookexec in _manager.py:120
=========         Host Frame: __call__ in _hooks.py:512
=========         Host Frame: pytest_runtestloop in main.py:408
=========         Host Frame: _multicall in _callers.py:121
=========         Host Frame: _hookexec in _manager.py:120
=========         Host Frame: __call__ in _hooks.py:512
=========         Host Frame: _main in main.py:384
=========         Host Frame: wrap_session in main.py:330
=========         Host Frame: pytest_cmdline_main in main.py:377
=========         Host Frame: _multicall in _callers.py:121
=========         Host Frame: _hookexec in _manager.py:120
=========         Host Frame: __call__ in _hooks.py:512
=========         Host Frame: _main in __init__.py:229
=========         Host Frame: main in __init__.py:201
========= 
========= Program hit CUDA_ERROR_INVALID_VALUE (error 1) due to "invalid argument" on CUDA API call to cuGetProcAddress_v2.
=========     Saved host backtrace up to driver entry point at error
=========         Host Frame:  [0x10d90] in driver.cpython-312-x86_64-linux-gnu.so
=========         Host Frame:  [0x24d84] in driver.cpython-312-x86_64-linux-gnu.so
=========         Host Frame:  [0x150f9] in cydriver.cpython-312-x86_64-linux-gnu.so
=========         Host Frame:  [0x4ecd5d] in driver.cpython-312-x86_64-linux-gnu.so
=========         Host Frame: PyObject_Vectorcall in call.c:325 [0x214e0d] in python
=========         Host Frame: _PyEval_EvalFrameDefault in bytecodes.c:2715 [0x1ffb14] in python
=========         Host Frame: PyObject_CallOneArg in call.c:401 [0x22cd34] in python
=========         Host Frame: _PyObject_GenericGetAttrWithDict in object.c:1447 [0x21da35] in python
=========         Host Frame: PyObject_GetAttr in object.c:1060 [0x1f7e00] in python
=========         Host Frame: _PyEval_EvalFrameDefault in bytecodes.c:1802 [0x200556] in python
=========         Host Frame: _PyObject_VectorcallTstate.lto_priv.14 in pycore_call.h:92 [0x249612] in python
=========         Host Frame: method_vectorcall in classobject.c:61 [0x2491bd] in python
=========         Host Frame: _PyObject_Call in call.c:354 [0x231daa] in python
=========         Host Frame: _PyEval_EvalFrameDefault in bytecodes.c:3263 [0x203a55] in python
=========         Host Frame: _PyObject_VectorcallTstate.lto_priv.14 in pycore_call.h:92 [0x249612] in python
=========         Host Frame: method_vectorcall in classobject.c:61 [0x2491bd] in python
=========         Host Frame: _PyObject_Call in call.c:354 [0x231daa] in python
=========         Host Frame: _PyEval_EvalFrameDefault in bytecodes.c:3263 [0x203a55] in python
=========         Host Frame: _PyObject_VectorcallTstate.lto_priv.14 in pycore_call.h:92 [0x249612] in python
=========         Host Frame: method_vectorcall in classobject.c:61 [0x2491bd] in python
=========         Host Frame: _PyObject_Call in call.c:354 [0x231daa] in python
=========         Host Frame: _PyEval_EvalFrameDefault in bytecodes.c:3263 [0x203a55] in python
=========         Host Frame: _PyObject_VectorcallTstate.lto_priv.14 in pycore_call.h:92 [0x249612] in python
=========         Host Frame: method_vectorcall in classobject.c:61 [0x2491bd] in python
=========         Host Frame: _PyObject_Call in call.c:354 [0x231daa] in python
=========         Host Frame: _PyEval_EvalFrameDefault in bytecodes.c:3263 [0x203a55] in python
=========         Host Frame: _PyObject_FastCallDictTstate in call.c:144 [0x1f8592] in python
=========         Host Frame: _PyObject_Call_Prepend in call.c:508 [0x22f2e6] in python
=========         Host Frame: slot_tp_call in typeobject.c:8791 [0x300ed8] in python
=========         Host Frame: _PyObject_MakeTpCall in call.c:240 [0x1f586a] in python
=========         Host Frame: _PyEval_EvalFrameDefault in bytecodes.c:2715 [0x1ffb14] in python
=========         Host Frame: infinite_lru_cache_wrapper in _functoolsmodule.c:918 [0x342560] in python
=========         Host Frame: _PyObject_MakeTpCall in call.c:240 [0x1f586a] in python
=========         Host Frame: _PyEval_EvalFrameDefault in bytecodes.c:2715 [0x1ffb14] in python
=========         Host Frame: _PyObject_FastCallDictTstate in call.c:144 [0x1f8592] in python
=========         Host Frame: _PyObject_Call_Prepend in call.c:508 [0x22f266] in python
=========         Host Frame: slot_tp_call in typeobject.c:8791 [0x300ed8] in python
=========         Host Frame: _PyObject_MakeTpCall in call.c:240 [0x1f586a] in python
=========         Host Frame: _PyEval_EvalFrameDefault in bytecodes.c:2715 [0x1ffb14] in python
=========         Host Frame: _PyObject_FastCallDictTstate in call.c:144 [0x1f8592] in python
=========         Host Frame: _PyObject_Call_Prepend in call.c:508 [0x22f266] in python
=========         Host Frame: slot_tp_call in typeobject.c:8791 [0x300ed8] in python
=========         Host Frame: _PyObject_Call in call.c:367 [0x231d34] in python
=========         Host Frame: _PyEval_EvalFrameDefault in bytecodes.c:3263 [0x203a55] in python
=========         Host Frame: _PyObject_FastCallDictTstate in call.c:144 [0x1f8592] in python
=========         Host Frame: _PyObject_Call_Prepend in call.c:508 [0x22f266] in python
=========         Host Frame: slot_tp_call in typeobject.c:8791 [0x300ed8] in python
=========         Host Frame: _PyObject_MakeTpCall in call.c:240 [0x1f586a] in python
=========         Host Frame: _PyEval_EvalFrameDefault in bytecodes.c:2715 [0x1ffb14] in python
=========         Host Frame: _PyObject_FastCallDictTstate in call.c:144 [0x1f8592] in python
=========         Host Frame: _PyObject_Call_Prepend in call.c:508 [0x22f266] in python
=========         Host Frame: slot_tp_call in typeobject.c:8791 [0x300ed8] in python
=========         Host Frame: _PyObject_MakeTpCall in call.c:240 [0x1f586a] in python
=========         Host Frame: _PyEval_EvalFrameDefault in bytecodes.c:2715 [0x1ffb14] in python
=========         Host Frame: _PyObject_FastCallDictTstate in call.c:144 [0x1f8592] in python
=========         Host Frame: _PyObject_Call_Prepend in call.c:508 [0x22f266] in python
=========         Host Frame: slot_tp_call in typeobject.c:8791 [0x300ed8] in python
=========         Host Frame: _PyObject_MakeTpCall in call.c:240 [0x1f586a] in python
=========         Host Frame: _PyEval_EvalFrameDefault in bytecodes.c:2715 [0x1ffb14] in python
=========         Host Frame: PyEval_EvalCode in ceval.c:580 [0x2b893c] in python
=========         Host Frame: run_eval_code_obj in pythonrun.c:1757 [0x2f4639] in python
=========         Host Frame: run_mod in pythonrun.c:1778 [0x2ef2a4] in python
=========         Host Frame: pyrun_file in pythonrun.c:1674 [0x2ec26f] in python
=========         Host Frame: _PyRun_SimpleFileObject in pythonrun.c:459 [0x2ebee5] in python
=========         Host Frame: _PyRun_AnyFileObject in pythonrun.c:78 [0x2ebcc3] in python
=========         Host Frame: Py_RunMain in main.c:714 [0x2e853d] in python
=========         Host Frame: Py_BytesMain in main.c:768 [0x2a0636] in python
=========         Host Frame:  [0x2a1c9] in libc.so.6
=========         Host Frame: __libc_start_main [0x2a28a] in libc.so.6
=========         Host Frame: _start [0x2a04ad] in python
=========         Host Frame: get_compute_capability_major_minor in cuda.py:163
=========         Host Frame: detect_gpu_arch in env_manager.py:234
=========         Host Frame: arch in env_manager.py:709
=========         Host Frame: apply_envar_settings in compiler.py:1063
=========         Host Frame: _prepare_compilation in dsl.py:2896
=========         Host Frame: _func_impl in dsl.py:2955
=========         Host Frame: _func in dsl.py:2938
=========         Host Frame: _compile in compiler.py:1609
=========         Host Frame: __call__ in compiler.py:1446
=========         Host Frame: compile_probe in test_lpt_scheduler.py:144
=========         Host Frame: test_exhaustion_does_not_read_metadata in test_lpt_scheduler.py:248
=========         Host Frame: pytest_pyfunc_call in python.py:167
=========         Host Frame: _multicall in _callers.py:121
=========         Host Frame: _hookexec in _manager.py:120
=========         Host Frame: __call__ in _hooks.py:512
=========         Host Frame: runtest in python.py:1707
=========         Host Frame: pytest_runtest_call in runner.py:184
=========         Host Frame: _multicall in _callers.py:121
=========         Host Frame: _hookexec in _manager.py:120
=========         Host Frame: __call__ in _hooks.py:512
=========         Host Frame: <lambda> in runner.py:250
=========         Host Frame: from_call in runner.py:361
=========         Host Frame: call_and_report in runner.py:249
=========         Host Frame: runtestprotocol in runner.py:139
=========         Host Frame: pytest_runtest_protocol in runner.py:118
=========         Host Frame: _multicall in _callers.py:121
=========         Host Frame: _hookexec in _manager.py:120
=========         Host Frame: __call__ in _hooks.py:512
=========         Host Frame: pytest_runtestloop in main.py:408
=========         Host Frame: _multicall in _callers.py:121
=========         Host Frame: _hookexec in _manager.py:120
=========         Host Frame: __call__ in _hooks.py:512
=========         Host Frame: _main in main.py:384
=========         Host Frame: wrap_session in main.py:330
=========         Host Frame: pytest_cmdline_main in main.py:377
=========         Host Frame: _multicall in _callers.py:121
=========         Host Frame: _hookexec in _manager.py:120
=========         Host Frame: __call__ in _hooks.py:512
=========         Host Frame: _main in __init__.py:229
=========         Host Frame: main in __init__.py:201
========= 
========= Program hit CUDA_ERROR_INVALID_VALUE (error 1) due to "invalid argument" on CUDA API call to cuGetProcAddress_v2.
=========     Saved host backtrace up to driver entry point at error
=========         Host Frame:  [0x10db6] in driver.cpython-312-x86_64-linux-gnu.so
=========         Host Frame:  [0x24d84] in driver.cpython-312-x86_64-linux-gnu.so
=========         Host Frame:  [0x150f9] in cydriver.cpython-312-x86_64-linux-gnu.so
=========         Host Frame:  [0x4ecd5d] in driver.cpython-312-x86_64-linux-gnu.so
=========         Host Frame: PyObject_Vectorcall in call.c:325 [0x214e0d] in python
=========         Host Frame: _PyEval_EvalFrameDefault in bytecodes.c:2715 [0x1ffb14] in python
=========         Host Frame: PyObject_CallOneArg in call.c:401 [0x22cd34] in python
=========         Host Frame: _PyObject_GenericGetAttrWithDict in object.c:1447 [0x21da35] in python
=========         Host Frame: PyObject_GetAttr in object.c:1060 [0x1f7e00] in python
=========         Host Frame: _PyEval_EvalFrameDefault in bytecodes.c:1802 [0x200556] in python
=========         Host Frame: _PyObject_VectorcallTstate.lto_priv.14 in pycore_call.h:92 [0x249612] in python
=========         Host Frame: method_vectorcall in classobject.c:61 [0x2491bd] in python
=========         Host Frame: _PyObject_Call in call.c:354 [0x231daa] in python
=========         Host Frame: _PyEval_EvalFrameDefault in bytecodes.c:3263 [0x203a55] in python
=========         Host Frame: _PyObject_VectorcallTstate.lto_priv.14 in pycore_call.h:92 [0x249612] in python
=========         Host Frame: method_vectorcall in classobject.c:61 [0x2491bd] in python
=========         Host Frame: _PyObject_Call in call.c:354 [0x231daa] in python
=========         Host Frame: _PyEval_EvalFrameDefault in bytecodes.c:3263 [0x203a55] in python
=========         Host Frame: _PyObject_VectorcallTstate.lto_priv.14 in pycore_call.h:92 [0x249612] in python
=========         Host Frame: method_vectorcall in classobject.c:61 [0x2491bd] in python
=========         Host Frame: _PyObject_Call in call.c:354 [0x231daa] in python
=========         Host Frame: _PyEval_EvalFrameDefault in bytecodes.c:3263 [0x203a55] in python
=========         Host Frame: _PyObject_VectorcallTstate.lto_priv.14 in pycore_call.h:92 [0x249612] in python
=========         Host Frame: method_vectorcall in classobject.c:61 [0x2491bd] in python
=========         Host Frame: _PyObject_Call in call.c:354 [0x231daa] in python
=========         Host Frame: _PyEval_EvalFrameDefault in bytecodes.c:3263 [0x203a55] in python
=========         Host Frame: _PyObject_FastCallDictTstate in call.c:144 [0x1f8592] in python
=========         Host Frame: _PyObject_Call_Prepend in call.c:508 [0x22f2e6] in python
=========         Host Frame: slot_tp_call in typeobject.c:8791 [0x300ed8] in python
=========         Host Frame: _PyObject_MakeTpCall in call.c:240 [0x1f586a] in python
=========         Host Frame: _PyEval_EvalFrameDefault in bytecodes.c:2715 [0x1ffb14] in python
=========         Host Frame: infinite_lru_cache_wrapper in _functoolsmodule.c:918 [0x342560] in python
=========         Host Frame: _PyObject_MakeTpCall in call.c:240 [0x1f586a] in python
=========         Host Frame: _PyEval_EvalFrameDefault in bytecodes.c:2715 [0x1ffb14] in python
=========         Host Frame: _PyObject_FastCallDictTstate in call.c:144 [0x1f8592] in python
=========         Host Frame: _PyObject_Call_Prepend in call.c:508 [0x22f266] in python
=========         Host Frame: slot_tp_call in typeobject.c:8791 [0x300ed8] in python
=========         Host Frame: _PyObject_MakeTpCall in call.c:240 [0x1f586a] in python
=========         Host Frame: _PyEval_EvalFrameDefault in bytecodes.c:2715 [0x1ffb14] in python
=========         Host Frame: _PyObject_FastCallDictTstate in call.c:144 [0x1f8592] in python
=========         Host Frame: _PyObject_Call_Prepend in call.c:508 [0x22f266] in python
=========         Host Frame: slot_tp_call in typeobject.c:8791 [0x300ed8] in python
=========         Host Frame: _PyObject_Call in call.c:367 [0x231d34] in python
=========         Host Frame: _PyEval_EvalFrameDefault in bytecodes.c:3263 [0x203a55] in python
=========         Host Frame: _PyObject_FastCallDictTstate in call.c:144 [0x1f8592] in python
=========         Host Frame: _PyObject_Call_Prepend in call.c:508 [0x22f266] in python
=========         Host Frame: slot_tp_call in typeobject.c:8791 [0x300ed8] in python
=========         Host Frame: _PyObject_MakeTpCall in call.c:240 [0x1f586a] in python
=========         Host Frame: _PyEval_EvalFrameDefault in bytecodes.c:2715 [0x1ffb14] in python
=========         Host Frame: _PyObject_FastCallDictTstate in call.c:144 [0x1f8592] in python
=========         Host Frame: _PyObject_Call_Prepend in call.c:508 [0x22f266] in python
=========         Host Frame: slot_tp_call in typeobject.c:8791 [0x300ed8] in python
=========         Host Frame: _PyObject_MakeTpCall in call.c:240 [0x1f586a] in python
=========         Host Frame: _PyEval_EvalFrameDefault in bytecodes.c:2715 [0x1ffb14] in python
=========         Host Frame: _PyObject_FastCallDictTstate in call.c:144 [0x1f8592] in python
=========         Host Frame: _PyObject_Call_Prepend in call.c:508 [0x22f266] in python
=========         Host Frame: slot_tp_call in typeobject.c:8791 [0x300ed8] in python
=========         Host Frame: _PyObject_MakeTpCall in call.c:240 [0x1f586a] in python
=========         Host Frame: _PyEval_EvalFrameDefault in bytecodes.c:2715 [0x1ffb14] in python
=========         Host Frame: PyEval_EvalCode in ceval.c:580 [0x2b893c] in python
=========         Host Frame: run_eval_code_obj in pythonrun.c:1757 [0x2f4639] in python
=========         Host Frame: run_mod in pythonrun.c:1778 [0x2ef2a4] in python
=========         Host Frame: pyrun_file in pythonrun.c:1674 [0x2ec26f] in python
=========         Host Frame: _PyRun_SimpleFileObject in pythonrun.c:459 [0x2ebee5] in python
=========         Host Frame: _PyRun_AnyFileObject in pythonrun.c:78 [0x2ebcc3] in python
=========         Host Frame: Py_RunMain in main.c:714 [0x2e853d] in python
=========         Host Frame: Py_BytesMain in main.c:768 [0x2a0636] in python
=========         Host Frame:  [0x2a1c9] in libc.so.6
=========         Host Frame: __libc_start_main [0x2a28a] in libc.so.6
=========         Host Frame: _start [0x2a04ad] in python
=========         Host Frame: get_compute_capability_major_minor in cuda.py:163
=========         Host Frame: detect_gpu_arch in env_manager.py:234
=========         Host Frame: arch in env_manager.py:709
=========         Host Frame: apply_envar_settings in compiler.py:1063
=========         Host Frame: _prepare_compilation in dsl.py:2896
=========         Host Frame: _func_impl in dsl.py:2955
=========         Host Frame: _func in dsl.py:2938
=========         Host Frame: _compile in compiler.py:1609
=========         Host Frame: __call__ in compiler.py:1446
=========         Host Frame: compile_probe in test_lpt_scheduler.py:144
=========         Host Frame: test_exhaustion_does_not_read_metadata in test_lpt_scheduler.py:248
=========         Host Frame: pytest_pyfunc_call in python.py:167
=========         Host Frame: _multicall in _callers.py:121
=========         Host Frame: _hookexec in _manager.py:120
=========         Host Frame: __call__ in _hooks.py:512
=========         Host Frame: runtest in python.py:1707
=========         Host Frame: pytest_runtest_call in runner.py:184
=========         Host Frame: _multicall in _callers.py:121
=========         Host Frame: _hookexec in _manager.py:120
=========         Host Frame: __call__ in _hooks.py:512
=========         Host Frame: <lambda> in runner.py:250
=========         Host Frame: from_call in runner.py:361
=========         Host Frame: call_and_report in runner.py:249
=========         Host Frame: runtestprotocol in runner.py:139
=========         Host Frame: pytest_runtest_protocol in runner.py:118
=========         Host Frame: _multicall in _callers.py:121
=========         Host Frame: _hookexec in _manager.py:120
=========         Host Frame: __call__ in _hooks.py:512
=========         Host Frame: pytest_runtestloop in main.py:408
=========         Host Frame: _multicall in _callers.py:121
=========         Host Frame: _hookexec in _manager.py:120
=========         Host Frame: __call__ in _hooks.py:512
=========         Host Frame: _main in main.py:384
=========         Host Frame: wrap_session in main.py:330
=========         Host Frame: pytest_cmdline_main in main.py:377
=========         Host Frame: _multicall in _callers.py:121
=========         Host Frame: _hookexec in _manager.py:120
=========         Host Frame: __call__ in _hooks.py:512
=========         Host Frame: _main in __init__.py:229
=========         Host Frame: main in __init__.py:201
========= 
========= Program hit CUDA_ERROR_INVALID_VALUE (error 1) due to "invalid argument" on CUDA API call to cuGetProcAddress_v2.
=========     Saved host backtrace up to driver entry point at error
=========         Host Frame:  [0x10ddc] in driver.cpython-312-x86_64-linux-gnu.so
=========         Host Frame:  [0x24d84] in driver.cpython-312-x86_64-linux-gnu.so
=========         Host Frame:  [0x150f9] in cydriver.cpython-312-x86_64-linux-gnu.so
=========         Host Frame:  [0x4ecd5d] in driver.cpython-312-x86_64-linux-gnu.so
=========         Host Frame: PyObject_Vectorcall in call.c:325 [0x214e0d] in python
=========         Host Frame: _PyEval_EvalFrameDefault in bytecodes.c:2715 [0x1ffb14] in python
=========         Host Frame: PyObject_CallOneArg in call.c:401 [0x22cd34] in python
=========         Host Frame: _PyObject_GenericGetAttrWithDict in object.c:1447 [0x21da35] in python
=========         Host Frame: PyObject_GetAttr in object.c:1060 [0x1f7e00] in python
=========         Host Frame: _PyEval_EvalFrameDefault in bytecodes.c:1802 [0x200556] in python
=========         Host Frame: _PyObject_VectorcallTstate.lto_priv.14 in pycore_call.h:92 [0x249612] in python
=========         Host Frame: method_vectorcall in classobject.c:61 [0x2491bd] in python
=========         Host Frame: _PyObject_Call in call.c:354 [0x231daa] in python
=========         Host Frame: _PyEval_EvalFrameDefault in bytecodes.c:3263 [0x203a55] in python
=========         Host Frame: _PyObject_VectorcallTstate.lto_priv.14 in pycore_call.h:92 [0x249612] in python
=========         Host Frame: method_vectorcall in classobject.c:61 [0x2491bd] in python
=========         Host Frame: _PyObject_Call in call.c:354 [0x231daa] in python
=========         Host Frame: _PyEval_EvalFrameDefault in bytecodes.c:3263 [0x203a55] in python
=========         Host Frame: _PyObject_VectorcallTstate.lto_priv.14 in pycore_call.h:92 [0x249612] in python
=========         Host Frame: method_vectorcall in classobject.c:61 [0x2491bd] in python
=========         Host Frame: _PyObject_Call in call.c:354 [0x231daa] in python
=========         Host Frame: _PyEval_EvalFrameDefault in bytecodes.c:3263 [0x203a55] in python
=========         Host Frame: _PyObject_VectorcallTstate.lto_priv.14 in pycore_call.h:92 [0x249612] in python
=========         Host Frame: method_vectorcall in classobject.c:61 [0x2491bd] in python
=========         Host Frame: _PyObject_Call in call.c:354 [0x231daa] in python
=========         Host Frame: _PyEval_EvalFrameDefault in bytecodes.c:3263 [0x203a55] in python
=========         Host Frame: _PyObject_FastCallDictTstate in call.c:144 [0x1f8592] in python
=========         Host Frame: _PyObject_Call_Prepend in call.c:508 [0x22f2e6] in python
=========         Host Frame: slot_tp_call in typeobject.c:8791 [0x300ed8] in python
=========         Host Frame: _PyObject_MakeTpCall in call.c:240 [0x1f586a] in python
=========         Host Frame: _PyEval_EvalFrameDefault in bytecodes.c:2715 [0x1ffb14] in python
=========         Host Frame: infinite_lru_cache_wrapper in _functoolsmodule.c:918 [0x342560] in python
=========         Host Frame: _PyObject_MakeTpCall in call.c:240 [0x1f586a] in python
=========         Host Frame: _PyEval_EvalFrameDefault in bytecodes.c:2715 [0x1ffb14] in python
=========         Host Frame: _PyObject_FastCallDictTstate in call.c:144 [0x1f8592] in python
=========         Host Frame: _PyObject_Call_Prepend in call.c:508 [0x22f266] in python
=========         Host Frame: slot_tp_call in typeobject.c:8791 [0x300ed8] in python
=========         Host Frame: _PyObject_MakeTpCall in call.c:240 [0x1f586a] in python
=========         Host Frame: _PyEval_EvalFrameDefault in bytecodes.c:2715 [0x1ffb14] in python
=========         Host Frame: _PyObject_FastCallDictTstate in call.c:144 [0x1f8592] in python
=========         Host Frame: _PyObject_Call_Prepend in call.c:508 [0x22f266] in python
=========         Host Frame: slot_tp_call in typeobject.c:8791 [0x300ed8] in python
=========         Host Frame: _PyObject_Call in call.c:367 [0x231d34] in python
=========         Host Frame: _PyEval_EvalFrameDefault in bytecodes.c:3263 [0x203a55] in python
=========         Host Frame: _PyObject_FastCallDictTstate in call.c:144 [0x1f8592] in python
=========         Host Frame: _PyObject_Call_Prepend in call.c:508 [0x22f266] in python
=========         Host Frame: slot_tp_call in typeobject.c:8791 [0x300ed8] in python
=========         Host Frame: _PyObject_MakeTpCall in call.c:240 [0x1f586a] in python
=========         Host Frame: _PyEval_EvalFrameDefault in bytecodes.c:2715 [0x1ffb14] in python
=========         Host Frame: _PyObject_FastCallDictTstate in call.c:144 [0x1f8592] in python
=========         Host Frame: _PyObject_Call_Prepend in call.c:508 [0x22f266] in python
=========         Host Frame: slot_tp_call in typeobject.c:8791 [0x300ed8] in python
=========         Host Frame: _PyObject_MakeTpCall in call.c:240 [0x1f586a] in python
=========         Host Frame: _PyEval_EvalFrameDefault in bytecodes.c:2715 [0x1ffb14] in python
=========         Host Frame: _PyObject_FastCallDictTstate in call.c:144 [0x1f8592] in python
=========         Host Frame: _PyObject_Call_Prepend in call.c:508 [0x22f266] in python
=========         Host Frame: slot_tp_call in typeobject.c:8791 [0x300ed8] in python
=========         Host Frame: _PyObject_MakeTpCall in call.c:240 [0x1f586a] in python
=========         Host Frame: _PyEval_EvalFrameDefault in bytecodes.c:2715 [0x1ffb14] in python
=========         Host Frame: PyEval_EvalCode in ceval.c:580 [0x2b893c] in python
=========         Host Frame: run_eval_code_obj in pythonrun.c:1757 [0x2f4639] in python
=========         Host Frame: run_mod in pythonrun.c:1778 [0x2ef2a4] in python
=========         Host Frame: pyrun_file in pythonrun.c:1674 [0x2ec26f] in python
=========         Host Frame: _PyRun_SimpleFileObject in pythonrun.c:459 [0x2ebee5] in python
=========         Host Frame: _PyRun_AnyFileObject in pythonrun.c:78 [0x2ebcc3] in python
=========         Host Frame: Py_RunMain in main.c:714 [0x2e853d] in python
=========         Host Frame: Py_BytesMain in main.c:768 [0x2a0636] in python
=========         Host Frame:  [0x2a1c9] in libc.so.6
=========         Host Frame: __libc_start_main [0x2a28a] in libc.so.6
=========         Host Frame: _start [0x2a04ad] in python
=========         Host Frame: get_compute_capability_major_minor in cuda.py:163
=========         Host Frame: detect_gpu_arch in env_manager.py:234
=========         Host Frame: arch in env_manager.py:709
=========         Host Frame: apply_envar_settings in compiler.py:1063
=========         Host Frame: _prepare_compilation in dsl.py:2896
=========         Host Frame: _func_impl in dsl.py:2955
=========         Host Frame: _func in dsl.py:2938
=========         Host Frame: _compile in compiler.py:1609
=========         Host Frame: __call__ in compiler.py:1446
=========         Host Frame: compile_probe in test_lpt_scheduler.py:144
=========         Host Frame: test_exhaustion_does_not_read_metadata in test_lpt_scheduler.py:248
=========         Host Frame: pytest_pyfunc_call in python.py:167
=========         Host Frame: _multicall in _callers.py:121
=========         Host Frame: _hookexec in _manager.py:120
=========         Host Frame: __call__ in _hooks.py:512
=========         Host Frame: runtest in python.py:1707
=========         Host Frame: pytest_runtest_call in runner.py:184
=========         Host Frame: _multicall in _callers.py:121
=========         Host Frame: _hookexec in _manager.py:120
=========         Host Frame: __call__ in _hooks.py:512
=========         Host Frame: <lambda> in runner.py:250
=========         Host Frame: from_call in runner.py:361
=========         Host Frame: call_and_report in runner.py:249
=========         Host Frame: runtestprotocol in runner.py:139
=========         Host Frame: pytest_runtest_protocol in runner.py:118
=========         Host Frame: _multicall in _callers.py:121
=========         Host Frame: _hookexec in _manager.py:120
=========         Host Frame: __call__ in _hooks.py:512
=========         Host Frame: pytest_runtestloop in main.py:408
=========         Host Frame: _multicall in _callers.py:121
=========         Host Frame: _hookexec in _manager.py:120
=========         Host Frame: __call__ in _hooks.py:512
=========         Host Frame: _main in main.py:384
=========         Host Frame: wrap_session in main.py:330
=========         Host Frame: pytest_cmdline_main in main.py:377
=========         Host Frame: _multicall in _callers.py:121
=========         Host Frame: _hookexec in _manager.py:120
=========         Host Frame: __call__ in _hooks.py:512
=========         Host Frame: _main in __init__.py:229
=========         Host Frame: main in __init__.py:201
========= 
========= Program hit CUDA_ERROR_INVALID_VALUE (error 1) due to "invalid argument" on CUDA API call to cuGetProcAddress_v2.
=========     Saved host backtrace up to driver entry point at error
=========         Host Frame:  [0x10e02] in driver.cpython-312-x86_64-linux-gnu.so
=========         Host Frame:  [0x24d84] in driver.cpython-312-x86_64-linux-gnu.so
=========         Host Frame:  [0x150f9] in cydriver.cpython-312-x86_64-linux-gnu.so
=========         Host Frame:  [0x4ecd5d] in driver.cpython-312-x86_64-linux-gnu.so
=========         Host Frame: PyObject_Vectorcall in call.c:325 [0x214e0d] in python
=========         Host Frame: _PyEval_EvalFrameDefault in bytecodes.c:2715 [0x1ffb14] in python
=========         Host Frame: PyObject_CallOneArg in call.c:401 [0x22cd34] in python
=========         Host Frame: _PyObject_GenericGetAttrWithDict in object.c:1447 [0x21da35] in python
=========         Host Frame: PyObject_GetAttr in object.c:1060 [0x1f7e00] in python
=========         Host Frame: _PyEval_EvalFrameDefault in bytecodes.c:1802 [0x200556] in python
=========         Host Frame: _PyObject_VectorcallTstate.lto_priv.14 in pycore_call.h:92 [0x249612] in python
=========         Host Frame: method_vectorcall in classobject.c:61 [0x2491bd] in python
=========         Host Frame: _PyObject_Call in call.c:354 [0x231daa] in python
=========         Host Frame: _PyEval_EvalFrameDefault in bytecodes.c:3263 [0x203a55] in python
=========         Host Frame: _PyObject_VectorcallTstate.lto_priv.14 in pycore_call.h:92 [0x249612] in python
=========         Host Frame: method_vectorcall in classobject.c:61 [0x2491bd] in python
=========         Host Frame: _PyObject_Call in call.c:354 [0x231daa] in python
=========         Host Frame: _PyEval_EvalFrameDefault in bytecodes.c:3263 [0x203a55] in python
=========         Host Frame: _PyObject_VectorcallTstate.lto_priv.14 in pycore_call.h:92 [0x249612] in python
=========         Host Frame: method_vectorcall in classobject.c:61 [0x2491bd] in python
=========         Host Frame: _PyObject_Call in call.c:354 [0x231daa] in python
=========         Host Frame: _PyEval_EvalFrameDefault in bytecodes.c:3263 [0x203a55] in python
=========         Host Frame: _PyObject_VectorcallTstate.lto_priv.14 in pycore_call.h:92 [0x249612] in python
=========         Host Frame: method_vectorcall in classobject.c:61 [0x2491bd] in python
=========         Host Frame: _PyObject_Call in call.c:354 [0x231daa] in python
=========         Host Frame: _PyEval_EvalFrameDefault in bytecodes.c:3263 [0x203a55] in python
=========         Host Frame: _PyObject_FastCallDictTstate in call.c:144 [0x1f8592] in python
=========         Host Frame: _PyObject_Call_Prepend in call.c:508 [0x22f2e6] in python
=========         Host Frame: slot_tp_call in typeobject.c:8791 [0x300ed8] in python
=========         Host Frame: _PyObject_MakeTpCall in call.c:240 [0x1f586a] in python
=========         Host Frame: _PyEval_EvalFrameDefault in bytecodes.c:2715 [0x1ffb14] in python
=========         Host Frame: infinite_lru_cache_wrapper in _functoolsmodule.c:918 [0x342560] in python
=========         Host Frame: _PyObject_MakeTpCall in call.c:240 [0x1f586a] in python
=========         Host Frame: _PyEval_EvalFrameDefault in bytecodes.c:2715 [0x1ffb14] in python
=========         Host Frame: _PyObject_FastCallDictTstate in call.c:144 [0x1f8592] in python
=========         Host Frame: _PyObject_Call_Prepend in call.c:508 [0x22f266] in python
=========         Host Frame: slot_tp_call in typeobject.c:8791 [0x300ed8] in python
=========         Host Frame: _PyObject_MakeTpCall in call.c:240 [0x1f586a] in python
=========         Host Frame: _PyEval_EvalFrameDefault in bytecodes.c:2715 [0x1ffb14] in python
=========         Host Frame: _PyObject_FastCallDictTstate in call.c:144 [0x1f8592] in python
=========         Host Frame: _PyObject_Call_Prepend in call.c:508 [0x22f266] in python
=========         Host Frame: slot_tp_call in typeobject.c:8791 [0x300ed8] in python
=========         Host Frame: _PyObject_Call in call.c:367 [0x231d34] in python
=========         Host Frame: _PyEval_EvalFrameDefault in bytecodes.c:3263 [0x203a55] in python
=========         Host Frame: _PyObject_FastCallDictTstate in call.c:144 [0x1f8592] in python
=========         Host Frame: _PyObject_Call_Prepend in call.c:508 [0x22f266] in python
=========         Host Frame: slot_tp_call in typeobject.c:8791 [0x300ed8] in python
=========         Host Frame: _PyObject_MakeTpCall in call.c:240 [0x1f586a] in python
=========         Host Frame: _PyEval_EvalFrameDefault in bytecodes.c:2715 [0x1ffb14] in python
=========         Host Frame: _PyObject_FastCallDictTstate in call.c:144 [0x1f8592] in python
=========         Host Frame: _PyObject_Call_Prepend in call.c:508 [0x22f266] in python
=========         Host Frame: slot_tp_call in typeobject.c:8791 [0x300ed8] in python
=========         Host Frame: _PyObject_MakeTpCall in call.c:240 [0x1f586a] in python
=========         Host Frame: _PyEval_EvalFrameDefault in bytecodes.c:2715 [0x1ffb14] in python
=========         Host Frame: _PyObject_FastCallDictTstate in call.c:144 [0x1f8592] in python
=========         Host Frame: _PyObject_Call_Prepend in call.c:508 [0x22f266] in python
=========         Host Frame: slot_tp_call in typeobject.c:8791 [0x300ed8] in python
=========         Host Frame: _PyObject_MakeTpCall in call.c:240 [0x1f586a] in python
=========         Host Frame: _PyEval_EvalFrameDefault in bytecodes.c:2715 [0x1ffb14] in python
=========         Host Frame: PyEval_EvalCode in ceval.c:580 [0x2b893c] in python
=========         Host Frame: run_eval_code_obj in pythonrun.c:1757 [0x2f4639] in python
=========         Host Frame: run_mod in pythonrun.c:1778 [0x2ef2a4] in python
=========         Host Frame: pyrun_file in pythonrun.c:1674 [0x2ec26f] in python
=========         Host Frame: _PyRun_SimpleFileObject in pythonrun.c:459 [0x2ebee5] in python
=========         Host Frame: _PyRun_AnyFileObject in pythonrun.c:78 [0x2ebcc3] in python
=========         Host Frame: Py_RunMain in main.c:714 [0x2e853d] in python
=========         Host Frame: Py_BytesMain in main.c:768 [0x2a0636] in python
=========         Host Frame:  [0x2a1c9] in libc.so.6
=========         Host Frame: __libc_start_main [0x2a28a] in libc.so.6
=========         Host Frame: _start [0x2a04ad] in python
=========         Host Frame: get_compute_capability_major_minor in cuda.py:163
=========         Host Frame: detect_gpu_arch in env_manager.py:234
=========         Host Frame: arch in env_manager.py:709
=========         Host Frame: apply_envar_settings in compiler.py:1063
=========         Host Frame: _prepare_compilation in dsl.py:2896
=========         Host Frame: _func_impl in dsl.py:2955
=========         Host Frame: _func in dsl.py:2938
=========         Host Frame: _compile in compiler.py:1609
=========         Host Frame: __call__ in compiler.py:1446
=========         Host Frame: compile_probe in test_lpt_scheduler.py:144
=========         Host Frame: test_exhaustion_does_not_read_metadata in test_lpt_scheduler.py:248
=========         Host Frame: pytest_pyfunc_call in python.py:167
=========         Host Frame: _multicall in _callers.py:121
=========         Host Frame: _hookexec in _manager.py:120
=========         Host Frame: __call__ in _hooks.py:512
=========         Host Frame: runtest in python.py:1707
=========         Host Frame: pytest_runtest_call in runner.py:184
=========         Host Frame: _multicall in _callers.py:121
=========         Host Frame: _hookexec in _manager.py:120
=========         Host Frame: __call__ in _hooks.py:512
=========         Host Frame: <lambda> in runner.py:250
=========         Host Frame: from_call in runner.py:361
=========         Host Frame: call_and_report in runner.py:249
=========         Host Frame: runtestprotocol in runner.py:139
=========         Host Frame: pytest_runtest_protocol in runner.py:118
=========         Host Frame: _multicall in _callers.py:121
=========         Host Frame: _hookexec in _manager.py:120
=========         Host Frame: __call__ in _hooks.py:512
=========         Host Frame: pytest_runtestloop in main.py:408
=========         Host Frame: _multicall in _callers.py:121
=========         Host Frame: _hookexec in _manager.py:120
=========         Host Frame: __call__ in _hooks.py:512
=========         Host Frame: _main in main.py:384
=========         Host Frame: wrap_session in main.py:330
=========         Host Frame: pytest_cmdline_main in main.py:377
=========         Host Frame: _multicall in _callers.py:121
=========         Host Frame: _hookexec in _manager.py:120
=========         Host Frame: __call__ in _hooks.py:512
=========         Host Frame: _main in __init__.py:229
=========         Host Frame: main in __init__.py:201
========= 
========= Program hit CUDA_ERROR_INVALID_VALUE (error 1) due to "invalid argument" on CUDA API call to cuGetProcAddress_v2.
=========     Saved host backtrace up to driver entry point at error
=========         Host Frame:  [0x10e28] in driver.cpython-312-x86_64-linux-gnu.so
=========         Host Frame:  [0x24d84] in driver.cpython-312-x86_64-linux-gnu.so
=========         Host Frame:  [0x150f9] in cydriver.cpython-312-x86_64-linux-gnu.so
=========         Host Frame:  [0x4ecd5d] in driver.cpython-312-x86_64-linux-gnu.so
=========         Host Frame: PyObject_Vectorcall in call.c:325 [0x214e0d] in python
=========         Host Frame: _PyEval_EvalFrameDefault in bytecodes.c:2715 [0x1ffb14] in python
=========         Host Frame: PyObject_CallOneArg in call.c:401 [0x22cd34] in python
=========         Host Frame: _PyObject_GenericGetAttrWithDict in object.c:1447 [0x21da35] in python
=========         Host Frame: PyObject_GetAttr in object.c:1060 [0x1f7e00] in python
=========         Host Frame: _PyEval_EvalFrameDefault in bytecodes.c:1802 [0x200556] in python
=========         Host Frame: _PyObject_VectorcallTstate.lto_priv.14 in pycore_call.h:92 [0x249612] in python
=========         Host Frame: method_vectorcall in classobject.c:61 [0x2491bd] in python
=========         Host Frame: _PyObject_Call in call.c:354 [0x231daa] in python
=========         Host Frame: _PyEval_EvalFrameDefault in bytecodes.c:3263 [0x203a55] in python
=========         Host Frame: _PyObject_VectorcallTstate.lto_priv.14 in pycore_call.h:92 [0x249612] in python
=========         Host Frame: method_vectorcall in classobject.c:61 [0x2491bd] in python
=========         Host Frame: _PyObject_Call in call.c:354 [0x231daa] in python
=========         Host Frame: _PyEval_EvalFrameDefault in bytecodes.c:3263 [0x203a55] in python
=========         Host Frame: _PyObject_VectorcallTstate.lto_priv.14 in pycore_call.h:92 [0x249612] in python
=========         Host Frame: method_vectorcall in classobject.c:61 [0x2491bd] in python
=========         Host Frame: _PyObject_Call in call.c:354 [0x231daa] in python
=========         Host Frame: _PyEval_EvalFrameDefault in bytecodes.c:3263 [0x203a55] in python
=========         Host Frame: _PyObject_VectorcallTstate.lto_priv.14 in pycore_call.h:92 [0x249612] in python
=========         Host Frame: method_vectorcall in classobject.c:61 [0x2491bd] in python
=========         Host Frame: _PyObject_Call in call.c:354 [0x231daa] in python
=========         Host Frame: _PyEval_EvalFrameDefault in bytecodes.c:3263 [0x203a55] in python
=========         Host Frame: _PyObject_FastCallDictTstate in call.c:144 [0x1f8592] in python
=========         Host Frame: _PyObject_Call_Prepend in call.c:508 [0x22f2e6] in python
=========         Host Frame: slot_tp_call in typeobject.c:8791 [0x300ed8] in python
=========         Host Frame: _PyObject_MakeTpCall in call.c:240 [0x1f586a] in python
=========         Host Frame: _PyEval_EvalFrameDefault in bytecodes.c:2715 [0x1ffb14] in python
=========         Host Frame: infinite_lru_cache_wrapper in _functoolsmodule.c:918 [0x342560] in python
=========         Host Frame: _PyObject_MakeTpCall in call.c:240 [0x1f586a] in python
=========         Host Frame: _PyEval_EvalFrameDefault in bytecodes.c:2715 [0x1ffb14] in python
=========         Host Frame: _PyObject_FastCallDictTstate in call.c:144 [0x1f8592] in python
=========         Host Frame: _PyObject_Call_Prepend in call.c:508 [0x22f266] in python
=========         Host Frame: slot_tp_call in typeobject.c:8791 [0x300ed8] in python
=========         Host Frame: _PyObject_MakeTpCall in call.c:240 [0x1f586a] in python
=========         Host Frame: _PyEval_EvalFrameDefault in bytecodes.c:2715 [0x1ffb14] in python
=========         Host Frame: _PyObject_FastCallDictTstate in call.c:144 [0x1f8592] in python
=========         Host Frame: _PyObject_Call_Prepend in call.c:508 [0x22f266] in python
=========         Host Frame: slot_tp_call in typeobject.c:8791 [0x300ed8] in python
=========         Host Frame: _PyObject_Call in call.c:367 [0x231d34] in python
=========         Host Frame: _PyEval_EvalFrameDefault in bytecodes.c:3263 [0x203a55] in python
=========         Host Frame: _PyObject_FastCallDictTstate in call.c:144 [0x1f8592] in python
=========         Host Frame: _PyObject_Call_Prepend in call.c:508 [0x22f266] in python
=========         Host Frame: slot_tp_call in typeobject.c:8791 [0x300ed8] in python
=========         Host Frame: _PyObject_MakeTpCall in call.c:240 [0x1f586a] in python
=========         Host Frame: _PyEval_EvalFrameDefault in bytecodes.c:2715 [0x1ffb14] in python
=========         Host Frame: _PyObject_FastCallDictTstate in call.c:144 [0x1f8592] in python
=========         Host Frame: _PyObject_Call_Prepend in call.c:508 [0x22f266] in python
=========         Host Frame: slot_tp_call in typeobject.c:8791 [0x300ed8] in python
=========         Host Frame: _PyObject_MakeTpCall in call.c:240 [0x1f586a] in python
=========         Host Frame: _PyEval_EvalFrameDefault in bytecodes.c:2715 [0x1ffb14] in python
=========         Host Frame: _PyObject_FastCallDictTstate in call.c:144 [0x1f8592] in python
=========         Host Frame: _PyObject_Call_Prepend in call.c:508 [0x22f266] in python
=========         Host Frame: slot_tp_call in typeobject.c:8791 [0x300ed8] in python
=========         Host Frame: _PyObject_MakeTpCall in call.c:240 [0x1f586a] in python
=========         Host Frame: _PyEval_EvalFrameDefault in bytecodes.c:2715 [0x1ffb14] in python
=========         Host Frame: PyEval_EvalCode in ceval.c:580 [0x2b893c] in python
=========         Host Frame: run_eval_code_obj in pythonrun.c:1757 [0x2f4639] in python
=========         Host Frame: run_mod in pythonrun.c:1778 [0x2ef2a4] in python
=========         Host Frame: pyrun_file in pythonrun.c:1674 [0x2ec26f] in python
=========         Host Frame: _PyRun_SimpleFileObject in pythonrun.c:459 [0x2ebee5] in python
=========         Host Frame: _PyRun_AnyFileObject in pythonrun.c:78 [0x2ebcc3] in python
=========         Host Frame: Py_RunMain in main.c:714 [0x2e853d] in python
=========         Host Frame: Py_BytesMain in main.c:768 [0x2a0636] in python
=========         Host Frame:  [0x2a1c9] in libc.so.6
=========         Host Frame: __libc_start_main [0x2a28a] in libc.so.6
=========         Host Frame: _start [0x2a04ad] in python
=========         Host Frame: get_compute_capability_major_minor in cuda.py:163
=========         Host Frame: detect_gpu_arch in env_manager.py:234
=========         Host Frame: arch in env_manager.py:709
=========         Host Frame: apply_envar_settings in compiler.py:1063
=========         Host Frame: _prepare_compilation in dsl.py:2896
=========         Host Frame: _func_impl in dsl.py:2955
=========         Host Frame: _func in dsl.py:2938
=========         Host Frame: _compile in compiler.py:1609
=========         Host Frame: __call__ in compiler.py:1446
=========         Host Frame: compile_probe in test_lpt_scheduler.py:144
=========         Host Frame: test_exhaustion_does_not_read_metadata in test_lpt_scheduler.py:248
=========         Host Frame: pytest_pyfunc_call in python.py:167
=========         Host Frame: _multicall in _callers.py:121
=========         Host Frame: _hookexec in _manager.py:120
=========         Host Frame: __call__ in _hooks.py:512
=========         Host Frame: runtest in python.py:1707
=========         Host Frame: pytest_runtest_call in runner.py:184
=========         Host Frame: _multicall in _callers.py:121
=========         Host Frame: _hookexec in _manager.py:120
=========         Host Frame: __call__ in _hooks.py:512
=========         Host Frame: <lambda> in runner.py:250
=========         Host Frame: from_call in runner.py:361
=========         Host Frame: call_and_report in runner.py:249
=========         Host Frame: runtestprotocol in runner.py:139
=========         Host Frame: pytest_runtest_protocol in runner.py:118
=========         Host Frame: _multicall in _callers.py:121
=========         Host Frame: _hookexec in _manager.py:120
=========         Host Frame: __call__ in _hooks.py:512
=========         Host Frame: pytest_runtestloop in main.py:408
=========         Host Frame: _multicall in _callers.py:121
=========         Host Frame: _hookexec in _manager.py:120
=========         Host Frame: __call__ in _hooks.py:512
=========         Host Frame: _main in main.py:384
=========         Host Frame: wrap_session in main.py:330
=========         Host Frame: pytest_cmdline_main in main.py:377
=========         Host Frame: _multicall in _callers.py:121
=========         Host Frame: _hookexec in _manager.py:120
=========         Host Frame: __call__ in _hooks.py:512
=========         Host Frame: _main in __init__.py:229
=========         Host Frame: main in __init__.py:201
========= 
========= Program hit CUDA_ERROR_INVALID_VALUE (error 1) due to "invalid argument" on CUDA API call to cuGetProcAddress_v2.
=========     Saved host backtrace up to driver entry point at error
=========         Host Frame:  [0x10e4e] in driver.cpython-312-x86_64-linux-gnu.so
=========         Host Frame:  [0x24d84] in driver.cpython-312-x86_64-linux-gnu.so
=========         Host Frame:  [0x150f9] in cydriver.cpython-312-x86_64-linux-gnu.so
=========         Host Frame:  [0x4ecd5d] in driver.cpython-312-x86_64-linux-gnu.so
=========         Host Frame: PyObject_Vectorcall in call.c:325 [0x214e0d] in python
=========         Host Frame: _PyEval_EvalFrameDefault in bytecodes.c:2715 [0x1ffb14] in python
=========         Host Frame: PyObject_CallOneArg in call.c:401 [0x22cd34] in python
=========         Host Frame: _PyObject_GenericGetAttrWithDict in object.c:1447 [0x21da35] in python
=========         Host Frame: PyObject_GetAttr in object.c:1060 [0x1f7e00] in python
=========         Host Frame: _PyEval_EvalFrameDefault in bytecodes.c:1802 [0x200556] in python
=========         Host Frame: _PyObject_VectorcallTstate.lto_priv.14 in pycore_call.h:92 [0x249612] in python
=========         Host Frame: method_vectorcall in classobject.c:61 [0x2491bd] in python
=========         Host Frame: _PyObject_Call in call.c:354 [0x231daa] in python
=========         Host Frame: _PyEval_EvalFrameDefault in bytecodes.c:3263 [0x203a55] in python
=========         Host Frame: _PyObject_VectorcallTstate.lto_priv.14 in pycore_call.h:92 [0x249612] in python
=========         Host Frame: method_vectorcall in classobject.c:61 [0x2491bd] in python
=========         Host Frame: _PyObject_Call in call.c:354 [0x231daa] in python
=========         Host Frame: _PyEval_EvalFrameDefault in bytecodes.c:3263 [0x203a55] in python
=========         Host Frame: _PyObject_VectorcallTstate.lto_priv.14 in pycore_call.h:92 [0x249612] in python
=========         Host Frame: method_vectorcall in classobject.c:61 [0x2491bd] in python
=========         Host Frame: _PyObject_Call in call.c:354 [0x231daa] in python
=========         Host Frame: _PyEval_EvalFrameDefault in bytecodes.c:3263 [0x203a55] in python
=========         Host Frame: _PyObject_VectorcallTstate.lto_priv.14 in pycore_call.h:92 [0x249612] in python
=========         Host Frame: method_vectorcall in classobject.c:61 [0x2491bd] in python
=========         Host Frame: _PyObject_Call in call.c:354 [0x231daa] in python
=========         Host Frame: _PyEval_EvalFrameDefault in bytecodes.c:3263 [0x203a55] in python
=========         Host Frame: _PyObject_FastCallDictTstate in call.c:144 [0x1f8592] in python
=========         Host Frame: _PyObject_Call_Prepend in call.c:508 [0x22f2e6] in python
=========         Host Frame: slot_tp_call in typeobject.c:8791 [0x300ed8] in python
=========         Host Frame: _PyObject_MakeTpCall in call.c:240 [0x1f586a] in python
=========         Host Frame: _PyEval_EvalFrameDefault in bytecodes.c:2715 [0x1ffb14] in python
=========         Host Frame: infinite_lru_cache_wrapper in _functoolsmodule.c:918 [0x342560] in python
=========         Host Frame: _PyObject_MakeTpCall in call.c:240 [0x1f586a] in python
=========         Host Frame: _PyEval_EvalFrameDefault in bytecodes.c:2715 [0x1ffb14] in python
=========         Host Frame: _PyObject_FastCallDictTstate in call.c:144 [0x1f8592] in python
=========         Host Frame: _PyObject_Call_Prepend in call.c:508 [0x22f266] in python
=========         Host Frame: slot_tp_call in typeobject.c:8791 [0x300ed8] in python
=========         Host Frame: _PyObject_MakeTpCall in call.c:240 [0x1f586a] in python
=========         Host Frame: _PyEval_EvalFrameDefault in bytecodes.c:2715 [0x1ffb14] in python
=========         Host Frame: _PyObject_FastCallDictTstate in call.c:144 [0x1f8592] in python
=========         Host Frame: _PyObject_Call_Prepend in call.c:508 [0x22f266] in python
=========         Host Frame: slot_tp_call in typeobject.c:8791 [0x300ed8] in python
=========         Host Frame: _PyObject_Call in call.c:367 [0x231d34] in python
=========         Host Frame: _PyEval_EvalFrameDefault in bytecodes.c:3263 [0x203a55] in python
=========         Host Frame: _PyObject_FastCallDictTstate in call.c:144 [0x1f8592] in python
=========         Host Frame: _PyObject_Call_Prepend in call.c:508 [0x22f266] in python
=========         Host Frame: slot_tp_call in typeobject.c:8791 [0x300ed8] in python
=========         Host Frame: _PyObject_MakeTpCall in call.c:240 [0x1f586a] in python
=========         Host Frame: _PyEval_EvalFrameDefault in bytecodes.c:2715 [0x1ffb14] in python
=========         Host Frame: _PyObject_FastCallDictTstate in call.c:144 [0x1f8592] in python
=========         Host Frame: _PyObject_Call_Prepend in call.c:508 [0x22f266] in python
=========         Host Frame: slot_tp_call in typeobject.c:8791 [0x300ed8] in python
=========         Host Frame: _PyObject_MakeTpCall in call.c:240 [0x1f586a] in python
=========         Host Frame: _PyEval_EvalFrameDefault in bytecodes.c:2715 [0x1ffb14] in python
=========         Host Frame: _PyObject_FastCallDictTstate in call.c:144 [0x1f8592] in python
=========         Host Frame: _PyObject_Call_Prepend in call.c:508 [0x22f266] in python
=========         Host Frame: slot_tp_call in typeobject.c:8791 [0x300ed8] in python
=========         Host Frame: _PyObject_MakeTpCall in call.c:240 [0x1f586a] in python
=========         Host Frame: _PyEval_EvalFrameDefault in bytecodes.c:2715 [0x1ffb14] in python
=========         Host Frame: PyEval_EvalCode in ceval.c:580 [0x2b893c] in python
=========         Host Frame: run_eval_code_obj in pythonrun.c:1757 [0x2f4639] in python
=========         Host Frame: run_mod in pythonrun.c:1778 [0x2ef2a4] in python
=========         Host Frame: pyrun_file in pythonrun.c:1674 [0x2ec26f] in python
=========         Host Frame: _PyRun_SimpleFileObject in pythonrun.c:459 [0x2ebee5] in python
=========         Host Frame: _PyRun_AnyFileObject in pythonrun.c:78 [0x2ebcc3] in python
=========         Host Frame: Py_RunMain in main.c:714 [0x2e853d] in python
=========         Host Frame: Py_BytesMain in main.c:768 [0x2a0636] in python
=========         Host Frame:  [0x2a1c9] in libc.so.6
=========         Host Frame: __libc_start_main [0x2a28a] in libc.so.6
=========         Host Frame: _start [0x2a04ad] in python
=========         Host Frame: get_compute_capability_major_minor in cuda.py:163
=========         Host Frame: detect_gpu_arch in env_manager.py:234
=========         Host Frame: arch in env_manager.py:709
=========         Host Frame: apply_envar_settings in compiler.py:1063
=========         Host Frame: _prepare_compilation in dsl.py:2896
=========         Host Frame: _func_impl in dsl.py:2955
=========         Host Frame: _func in dsl.py:2938
=========         Host Frame: _compile in compiler.py:1609
=========         Host Frame: __call__ in compiler.py:1446
=========         Host Frame: compile_probe in test_lpt_scheduler.py:144
=========         Host Frame: test_exhaustion_does_not_read_metadata in test_lpt_scheduler.py:248
=========         Host Frame: pytest_pyfunc_call in python.py:167
=========         Host Frame: _multicall in _callers.py:121
=========         Host Frame: _hookexec in _manager.py:120
=========         Host Frame: __call__ in _hooks.py:512
=========         Host Frame: runtest in python.py:1707
=========         Host Frame: pytest_runtest_call in runner.py:184
=========         Host Frame: _multicall in _callers.py:121
=========         Host Frame: _hookexec in _manager.py:120
=========         Host Frame: __call__ in _hooks.py:512
=========         Host Frame: <lambda> in runner.py:250
=========         Host Frame: from_call in runner.py:361
=========         Host Frame: call_and_report in runner.py:249
=========         Host Frame: runtestprotocol in runner.py:139
=========         Host Frame: pytest_runtest_protocol in runner.py:118
=========         Host Frame: _multicall in _callers.py:121
=========         Host Frame: _hookexec in _manager.py:120
=========         Host Frame: __call__ in _hooks.py:512
=========         Host Frame: pytest_runtestloop in main.py:408
=========         Host Frame: _multicall in _callers.py:121
=========         Host Frame: _hookexec in _manager.py:120
=========         Host Frame: __call__ in _hooks.py:512
=========         Host Frame: _main in main.py:384
=========         Host Frame: wrap_session in main.py:330
=========         Host Frame: pytest_cmdline_main in main.py:377
=========         Host Frame: _multicall in _callers.py:121
=========         Host Frame: _hookexec in _manager.py:120
=========         Host Frame: __call__ in _hooks.py:512
=========         Host Frame: _main in __init__.py:229
=========         Host Frame: main in __init__.py:201
========= 
========= Program hit CUDA_ERROR_INVALID_VALUE (error 1) due to "invalid argument" on CUDA API call to cuGetProcAddress_v2.
=========     Saved host backtrace up to driver entry point at error
=========         Host Frame:  [0x10e74] in driver.cpython-312-x86_64-linux-gnu.so
=========         Host Frame:  [0x24d84] in driver.cpython-312-x86_64-linux-gnu.so
=========         Host Frame:  [0x150f9] in cydriver.cpython-312-x86_64-linux-gnu.so
=========         Host Frame:  [0x4ecd5d] in driver.cpython-312-x86_64-linux-gnu.so
=========         Host Frame: PyObject_Vectorcall in call.c:325 [0x214e0d] in python
=========         Host Frame: _PyEval_EvalFrameDefault in bytecodes.c:2715 [0x1ffb14] in python
=========         Host Frame: PyObject_CallOneArg in call.c:401 [0x22cd34] in python
=========         Host Frame: _PyObject_GenericGetAttrWithDict in object.c:1447 [0x21da35] in python
=========         Host Frame: PyObject_GetAttr in object.c:1060 [0x1f7e00] in python
=========         Host Frame: _PyEval_EvalFrameDefault in bytecodes.c:1802 [0x200556] in python
=========         Host Frame: _PyObject_VectorcallTstate.lto_priv.14 in pycore_call.h:92 [0x249612] in python
=========         Host Frame: method_vectorcall in classobject.c:61 [0x2491bd] in python
=========         Host Frame: _PyObject_Call in call.c:354 [0x231daa] in python
=========         Host Frame: _PyEval_EvalFrameDefault in bytecodes.c:3263 [0x203a55] in python
=========         Host Frame: _PyObject_VectorcallTstate.lto_priv.14 in pycore_call.h:92 [0x249612] in python
=========         Host Frame: method_vectorcall in classobject.c:61 [0x2491bd] in python
=========         Host Frame: _PyObject_Call in call.c:354 [0x231daa] in python
=========         Host Frame: _PyEval_EvalFrameDefault in bytecodes.c:3263 [0x203a55] in python
=========         Host Frame: _PyObject_VectorcallTstate.lto_priv.14 in pycore_call.h:92 [0x249612] in python
=========         Host Frame: method_vectorcall in classobject.c:61 [0x2491bd] in python
=========         Host Frame: _PyObject_Call in call.c:354 [0x231daa] in python
=========         Host Frame: _PyEval_EvalFrameDefault in bytecodes.c:3263 [0x203a55] in python
=========         Host Frame: _PyObject_VectorcallTstate.lto_priv.14 in pycore_call.h:92 [0x249612] in python
=========         Host Frame: method_vectorcall in classobject.c:61 [0x2491bd] in python
=========         Host Frame: _PyObject_Call in call.c:354 [0x231daa] in python
=========         Host Frame: _PyEval_EvalFrameDefault in bytecodes.c:3263 [0x203a55] in python
=========         Host Frame: _PyObject_FastCallDictTstate in call.c:144 [0x1f8592] in python
=========         Host Frame: _PyObject_Call_Prepend in call.c:508 [0x22f2e6] in python
=========         Host Frame: slot_tp_call in typeobject.c:8791 [0x300ed8] in python
=========         Host Frame: _PyObject_MakeTpCall in call.c:240 [0x1f586a] in python
=========         Host Frame: _PyEval_EvalFrameDefault in bytecodes.c:2715 [0x1ffb14] in python
=========         Host Frame: infinite_lru_cache_wrapper in _functoolsmodule.c:918 [0x342560] in python
=========         Host Frame: _PyObject_MakeTpCall in call.c:240 [0x1f586a] in python
=========         Host Frame: _PyEval_EvalFrameDefault in bytecodes.c:2715 [0x1ffb14] in python
=========         Host Frame: _PyObject_FastCallDictTstate in call.c:144 [0x1f8592] in python
=========         Host Frame: _PyObject_Call_Prepend in call.c:508 [0x22f266] in python
=========         Host Frame: slot_tp_call in typeobject.c:8791 [0x300ed8] in python
=========         Host Frame: _PyObject_MakeTpCall in call.c:240 [0x1f586a] in python
=========         Host Frame: _PyEval_EvalFrameDefault in bytecodes.c:2715 [0x1ffb14] in python
=========         Host Frame: _PyObject_FastCallDictTstate in call.c:144 [0x1f8592] in python
=========         Host Frame: _PyObject_Call_Prepend in call.c:508 [0x22f266] in python
=========         Host Frame: slot_tp_call in typeobject.c:8791 [0x300ed8] in python
=========         Host Frame: _PyObject_Call in call.c:367 [0x231d34] in python
=========         Host Frame: _PyEval_EvalFrameDefault in bytecodes.c:3263 [0x203a55] in python
=========         Host Frame: _PyObject_FastCallDictTstate in call.c:144 [0x1f8592] in python
=========         Host Frame: _PyObject_Call_Prepend in call.c:508 [0x22f266] in python
=========         Host Frame: slot_tp_call in typeobject.c:8791 [0x300ed8] in python
=========         Host Frame: _PyObject_MakeTpCall in call.c:240 [0x1f586a] in python
=========         Host Frame: _PyEval_EvalFrameDefault in bytecodes.c:2715 [0x1ffb14] in python
=========         Host Frame: _PyObject_FastCallDictTstate in call.c:144 [0x1f8592] in python
=========         Host Frame: _PyObject_Call_Prepend in call.c:508 [0x22f266] in python
=========         Host Frame: slot_tp_call in typeobject.c:8791 [0x300ed8] in python
=========         Host Frame: _PyObject_MakeTpCall in call.c:240 [0x1f586a] in python
=========         Host Frame: _PyEval_EvalFrameDefault in bytecodes.c:2715 [0x1ffb14] in python
=========         Host Frame: _PyObject_FastCallDictTstate in call.c:144 [0x1f8592] in python
=========         Host Frame: _PyObject_Call_Prepend in call.c:508 [0x22f266] in python
=========         Host Frame: slot_tp_call in typeobject.c:8791 [0x300ed8] in python
=========         Host Frame: _PyObject_MakeTpCall in call.c:240 [0x1f586a] in python
=========         Host Frame: _PyEval_EvalFrameDefault in bytecodes.c:2715 [0x1ffb14] in python
=========         Host Frame: PyEval_EvalCode in ceval.c:580 [0x2b893c] in python
=========         Host Frame: run_eval_code_obj in pythonrun.c:1757 [0x2f4639] in python
=========         Host Frame: run_mod in pythonrun.c:1778 [0x2ef2a4] in python
=========         Host Frame: pyrun_file in pythonrun.c:1674 [0x2ec26f] in python
=========         Host Frame: _PyRun_SimpleFileObject in pythonrun.c:459 [0x2ebee5] in python
=========         Host Frame: _PyRun_AnyFileObject in pythonrun.c:78 [0x2ebcc3] in python
=========         Host Frame: Py_RunMain in main.c:714 [0x2e853d] in python
=========         Host Frame: Py_BytesMain in main.c:768 [0x2a0636] in python
=========         Host Frame:  [0x2a1c9] in libc.so.6
=========         Host Frame: __libc_start_main [0x2a28a] in libc.so.6
=========         Host Frame: _start [0x2a04ad] in python
=========         Host Frame: get_compute_capability_major_minor in cuda.py:163
=========         Host Frame: detect_gpu_arch in env_manager.py:234
=========         Host Frame: arch in env_manager.py:709
=========         Host Frame: apply_envar_settings in compiler.py:1063
=========         Host Frame: _prepare_compilation in dsl.py:2896
=========         Host Frame: _func_impl in dsl.py:2955
=========         Host Frame: _func in dsl.py:2938
=========         Host Frame: _compile in compiler.py:1609
=========         Host Frame: __call__ in compiler.py:1446
=========         Host Frame: compile_probe in test_lpt_scheduler.py:144
=========         Host Frame: test_exhaustion_does_not_read_metadata in test_lpt_scheduler.py:248
=========         Host Frame: pytest_pyfunc_call in python.py:167
=========         Host Frame: _multicall in _callers.py:121
=========         Host Frame: _hookexec in _manager.py:120
=========         Host Frame: __call__ in _hooks.py:512
=========         Host Frame: runtest in python.py:1707
=========         Host Frame: pytest_runtest_call in runner.py:184
=========         Host Frame: _multicall in _callers.py:121
=========         Host Frame: _hookexec in _manager.py:120
=========         Host Frame: __call__ in _hooks.py:512
=========         Host Frame: <lambda> in runner.py:250
=========         Host Frame: from_call in runner.py:361
=========         Host Frame: call_and_report in runner.py:249
=========         Host Frame: runtestprotocol in runner.py:139
=========         Host Frame: pytest_runtest_protocol in runner.py:118
=========         Host Frame: _multicall in _callers.py:121
=========         Host Frame: _hookexec in _manager.py:120
=========         Host Frame: __call__ in _hooks.py:512
=========         Host Frame: pytest_runtestloop in main.py:408
=========         Host Frame: _multicall in _callers.py:121
=========         Host Frame: _hookexec in _manager.py:120
=========         Host Frame: __call__ in _hooks.py:512
=========         Host Frame: _main in main.py:384
=========         Host Frame: wrap_session in main.py:330
=========         Host Frame: pytest_cmdline_main in main.py:377
=========         Host Frame: _multicall in _callers.py:121
=========         Host Frame: _hookexec in _manager.py:120
=========         Host Frame: __call__ in _hooks.py:512
=========         Host Frame: _main in __init__.py:229
=========         Host Frame: main in __init__.py:201
========= 
========= Program hit CUDA_ERROR_INVALID_VALUE (error 1) due to "invalid argument" on CUDA API call to cuGetProcAddress_v2.
=========     Saved host backtrace up to driver entry point at error
=========         Host Frame:  [0x10e9a] in driver.cpython-312-x86_64-linux-gnu.so
=========         Host Frame:  [0x24d84] in driver.cpython-312-x86_64-linux-gnu.so
=========         Host Frame:  [0x150f9] in cydriver.cpython-312-x86_64-linux-gnu.so
=========         Host Frame:  [0x4ecd5d] in driver.cpython-312-x86_64-linux-gnu.so
=========         Host Frame: PyObject_Vectorcall in call.c:325 [0x214e0d] in python
=========         Host Frame: _PyEval_EvalFrameDefault in bytecodes.c:2715 [0x1ffb14] in python
=========         Host Frame: PyObject_CallOneArg in call.c:401 [0x22cd34] in python
=========         Host Frame: _PyObject_GenericGetAttrWithDict in object.c:1447 [0x21da35] in python
=========         Host Frame: PyObject_GetAttr in object.c:1060 [0x1f7e00] in python
=========         Host Frame: _PyEval_EvalFrameDefault in bytecodes.c:1802 [0x200556] in python
=========         Host Frame: _PyObject_VectorcallTstate.lto_priv.14 in pycore_call.h:92 [0x249612] in python
=========         Host Frame: method_vectorcall in classobject.c:61 [0x2491bd] in python
=========         Host Frame: _PyObject_Call in call.c:354 [0x231daa] in python
=========         Host Frame: _PyEval_EvalFrameDefault in bytecodes.c:3263 [0x203a55] in python
=========         Host Frame: _PyObject_VectorcallTstate.lto_priv.14 in pycore_call.h:92 [0x249612] in python
=========         Host Frame: method_vectorcall in classobject.c:61 [0x2491bd] in python
=========         Host Frame: _PyObject_Call in call.c:354 [0x231daa] in python
=========         Host Frame: _PyEval_EvalFrameDefault in bytecodes.c:3263 [0x203a55] in python
=========         Host Frame: _PyObject_VectorcallTstate.lto_priv.14 in pycore_call.h:92 [0x249612] in python
=========         Host Frame: method_vectorcall in classobject.c:61 [0x2491bd] in python
=========         Host Frame: _PyObject_Call in call.c:354 [0x231daa] in python
=========         Host Frame: _PyEval_EvalFrameDefault in bytecodes.c:3263 [0x203a55] in python
=========         Host Frame: _PyObject_VectorcallTstate.lto_priv.14 in pycore_call.h:92 [0x249612] in python
=========         Host Frame: method_vectorcall in classobject.c:61 [0x2491bd] in python
=========         Host Frame: _PyObject_Call in call.c:354 [0x231daa] in python
=========         Host Frame: _PyEval_EvalFrameDefault in bytecodes.c:3263 [0x203a55] in python
=========         Host Frame: _PyObject_FastCallDictTstate in call.c:144 [0x1f8592] in python
=========         Host Frame: _PyObject_Call_Prepend in call.c:508 [0x22f2e6] in python
=========         Host Frame: slot_tp_call in typeobject.c:8791 [0x300ed8] in python
=========         Host Frame: _PyObject_MakeTpCall in call.c:240 [0x1f586a] in python
=========         Host Frame: _PyEval_EvalFrameDefault in bytecodes.c:2715 [0x1ffb14] in python
=========         Host Frame: infinite_lru_cache_wrapper in _functoolsmodule.c:918 [0x342560] in python
=========         Host Frame: _PyObject_MakeTpCall in call.c:240 [0x1f586a] in python
=========         Host Frame: _PyEval_EvalFrameDefault in bytecodes.c:2715 [0x1ffb14] in python
=========         Host Frame: _PyObject_FastCallDictTstate in call.c:144 [0x1f8592] in python
=========         Host Frame: _PyObject_Call_Prepend in call.c:508 [0x22f266] in python
=========         Host Frame: slot_tp_call in typeobject.c:8791 [0x300ed8] in python
=========         Host Frame: _PyObject_MakeTpCall in call.c:240 [0x1f586a] in python
=========         Host Frame: _PyEval_EvalFrameDefault in bytecodes.c:2715 [0x1ffb14] in python
=========         Host Frame: _PyObject_FastCallDictTstate in call.c:144 [0x1f8592] in python
=========         Host Frame: _PyObject_Call_Prepend in call.c:508 [0x22f266] in python
=========         Host Frame: slot_tp_call in typeobject.c:8791 [0x300ed8] in python
=========         Host Frame: _PyObject_Call in call.c:367 [0x231d34] in python
=========         Host Frame: _PyEval_EvalFrameDefault in bytecodes.c:3263 [0x203a55] in python
=========         Host Frame: _PyObject_FastCallDictTstate in call.c:144 [0x1f8592] in python
=========         Host Frame: _PyObject_Call_Prepend in call.c:508 [0x22f266] in python
=========         Host Frame: slot_tp_call in typeobject.c:8791 [0x300ed8] in python
=========         Host Frame: _PyObject_MakeTpCall in call.c:240 [0x1f586a] in python
=========         Host Frame: _PyEval_EvalFrameDefault in bytecodes.c:2715 [0x1ffb14] in python
=========         Host Frame: _PyObject_FastCallDictTstate in call.c:144 [0x1f8592] in python
=========         Host Frame: _PyObject_Call_Prepend in call.c:508 [0x22f266] in python
=========         Host Frame: slot_tp_call in typeobject.c:8791 [0x300ed8] in python
=========         Host Frame: _PyObject_MakeTpCall in call.c:240 [0x1f586a] in python
=========         Host Frame: _PyEval_EvalFrameDefault in bytecodes.c:2715 [0x1ffb14] in python
=========         Host Frame: _PyObject_FastCallDictTstate in call.c:144 [0x1f8592] in python
=========         Host Frame: _PyObject_Call_Prepend in call.c:508 [0x22f266] in python
=========         Host Frame: slot_tp_call in typeobject.c:8791 [0x300ed8] in python
=========         Host Frame: _PyObject_MakeTpCall in call.c:240 [0x1f586a] in python
=========         Host Frame: _PyEval_EvalFrameDefault in bytecodes.c:2715 [0x1ffb14] in python
=========         Host Frame: PyEval_EvalCode in ceval.c:580 [0x2b893c] in python
=========         Host Frame: run_eval_code_obj in pythonrun.c:1757 [0x2f4639] in python
=========         Host Frame: run_mod in pythonrun.c:1778 [0x2ef2a4] in python
=========         Host Frame: pyrun_file in pythonrun.c:1674 [0x2ec26f] in python
=========         Host Frame: _PyRun_SimpleFileObject in pythonrun.c:459 [0x2ebee5] in python
=========         Host Frame: _PyRun_AnyFileObject in pythonrun.c:78 [0x2ebcc3] in python
=========         Host Frame: Py_RunMain in main.c:714 [0x2e853d] in python
=========         Host Frame: Py_BytesMain in main.c:768 [0x2a0636] in python
=========         Host Frame:  [0x2a1c9] in libc.so.6
=========         Host Frame: __libc_start_main [0x2a28a] in libc.so.6
=========         Host Frame: _start [0x2a04ad] in python
=========         Host Frame: get_compute_capability_major_minor in cuda.py:163
=========         Host Frame: detect_gpu_arch in env_manager.py:234
=========         Host Frame: arch in env_manager.py:709
=========         Host Frame: apply_envar_settings in compiler.py:1063
=========         Host Frame: _prepare_compilation in dsl.py:2896
=========         Host Frame: _func_impl in dsl.py:2955
=========         Host Frame: _func in dsl.py:2938
=========         Host Frame: _compile in compiler.py:1609
=========         Host Frame: __call__ in compiler.py:1446
=========         Host Frame: compile_probe in test_lpt_scheduler.py:144
=========         Host Frame: test_exhaustion_does_not_read_metadata in test_lpt_scheduler.py:248
=========         Host Frame: pytest_pyfunc_call in python.py:167
=========         Host Frame: _multicall in _callers.py:121
=========         Host Frame: _hookexec in _manager.py:120
=========         Host Frame: __call__ in _hooks.py:512
=========         Host Frame: runtest in python.py:1707
=========         Host Frame: pytest_runtest_call in runner.py:184
=========         Host Frame: _multicall in _callers.py:121
=========         Host Frame: _hookexec in _manager.py:120
=========         Host Frame: __call__ in _hooks.py:512
=========         Host Frame: <lambda> in runner.py:250
=========         Host Frame: from_call in runner.py:361
=========         Host Frame: call_and_report in runner.py:249
=========         Host Frame: runtestprotocol in runner.py:139
=========         Host Frame: pytest_runtest_protocol in runner.py:118
=========         Host Frame: _multicall in _callers.py:121
=========         Host Frame: _hookexec in _manager.py:120
=========         Host Frame: __call__ in _hooks.py:512
=========         Host Frame: pytest_runtestloop in main.py:408
=========         Host Frame: _multicall in _callers.py:121
=========         Host Frame: _hookexec in _manager.py:120
=========         Host Frame: __call__ in _hooks.py:512
=========         Host Frame: _main in main.py:384
=========         Host Frame: wrap_session in main.py:330
=========         Host Frame: pytest_cmdline_main in main.py:377
=========         Host Frame: _multicall in _callers.py:121
=========         Host Frame: _hookexec in _manager.py:120
=========         Host Frame: __call__ in _hooks.py:512
=========         Host Frame: _main in __init__.py:229
=========         Host Frame: main in __init__.py:201
========= 
.....                                                                    [100%]
=============================== warnings summary ===============================
flash_attn/cute/flash_fwd.py:20
  <REPOSITORY>/flash_attn/cute/flash_fwd.py:20: DeprecationWarning: Arch from arch.py is deprecated. Use Arch from enums.py instead.
    from cutlass.base_dsl.arch import Arch

flash_attn/cute/flash_fwd_sm90.py:18
  <REPOSITORY>/flash_attn/cute/flash_fwd_sm90.py:18: DeprecationWarning: Arch from arch.py is deprecated. Use Arch from enums.py instead.
    from cutlass.base_dsl.arch import Arch

flash_attn/cute/flash_fwd_sm100.py:31
  <REPOSITORY>/flash_attn/cute/flash_fwd_sm100.py:31: DeprecationWarning: Arch from arch.py is deprecated. Use Arch from enums.py instead.
    from cutlass.base_dsl.arch import Arch

flash_attn/cute/flash_fwd_sm120.py:10
  <REPOSITORY>/flash_attn/cute/flash_fwd_sm120.py:10: DeprecationWarning: Arch from arch.py is deprecated. Use Arch from enums.py instead.
    from cutlass.base_dsl.arch import Arch

-- Docs: https://docs.pytest.org/en/stable/how-to/capture-warnings.html
5 passed, 4 warnings in 6.15s
========= ERROR SUMMARY: 41 errors
